--
-- PostgreSQL database dump
--

-- Dumped from database version 15.2
-- Dumped by pg_dump version 15.2

-- Started on 2023-12-28 19:45:42

SET statement_timeout = 0;
SET lock_timeout = 0;
SET idle_in_transaction_session_timeout = 0;
SET client_encoding = 'UTF8';
SET standard_conforming_strings = on;
SELECT pg_catalog.set_config('search_path', '', false);
SET check_function_bodies = false;
SET xmloption = content;
SET client_min_messages = warning;
SET row_security = off;

--
-- TOC entry 286 (class 1255 OID 29196)
-- Name: accepted_friend(); Type: FUNCTION; Schema: public; Owner: postgres
--

CREATE FUNCTION public.accepted_friend() RETURNS trigger
    LANGUAGE plpgsql
    AS $$
BEGIN
    IF EXISTS (SELECT 1 FROM friend_requests WHERE id = NEW.id AND status = 'A') THEN
        INSERT INTO Friends (person_id, friend_id) VALUES (NEW.user1_id,   NEW.request_id);
		INSERT INTO Friends (person_id, friend_id) VALUES (NEW.request_id, NEW.user1_id);
    END IF;
    RETURN NEW;
END;
$$;


ALTER FUNCTION public.accepted_friend() OWNER TO postgres;

--
-- TOC entry 287 (class 1255 OID 29198)
-- Name: delete_friend(); Type: FUNCTION; Schema: public; Owner: postgres
--

CREATE FUNCTION public.delete_friend() RETURNS trigger
    LANGUAGE plpgsql
    AS $$
BEGIN
    DELETE FROM friends WHERE person_id = OLD.friend_id AND friend_id = OLD.person_id;
    RETURN OLD;
END;
$$;


ALTER FUNCTION public.delete_friend() OWNER TO postgres;

--
-- TOC entry 299 (class 1255 OID 29200)
-- Name: delete_friend_request(); Type: FUNCTION; Schema: public; Owner: postgres
--

CREATE FUNCTION public.delete_friend_request() RETURNS trigger
    LANGUAGE plpgsql
    AS $$
BEGIN
    DELETE FROM friend_requests WHERE user1_id = OLD.person_id AND request_id = OLD.friend_id;
	DELETE FROM friend_requests WHERE user1_id = OLD.friend_id AND request_id = OLD.person_id;
    RETURN OLD;
END;
$$;


ALTER FUNCTION public.delete_friend_request() OWNER TO postgres;

--
-- TOC entry 284 (class 1255 OID 20736)
-- Name: delete_work_request(); Type: FUNCTION; Schema: public; Owner: postgres
--

CREATE FUNCTION public.delete_work_request() RETURNS trigger
    LANGUAGE plpgsql
    AS $$
BEGIN
    DELETE FROM work_requests WHERE id = OLD.employee_id;
    RETURN OLD;
END;
$$;


ALTER FUNCTION public.delete_work_request() OWNER TO postgres;

--
-- TOC entry 285 (class 1255 OID 20741)
-- Name: delete_works_on(); Type: FUNCTION; Schema: public; Owner: postgres
--

CREATE FUNCTION public.delete_works_on() RETURNS trigger
    LANGUAGE plpgsql
    AS $$
BEGIN
    DELETE FROM works_on WHERE employee_id = OLD.id;
    RETURN OLD;
END;
$$;


ALTER FUNCTION public.delete_works_on() OWNER TO postgres;

--
-- TOC entry 283 (class 1255 OID 29280)
-- Name: groupchat_admin_is_member(); Type: FUNCTION; Schema: public; Owner: postgres
--

CREATE FUNCTION public.groupchat_admin_is_member() RETURNS trigger
    LANGUAGE plpgsql
    AS $$
BEGIN
	IF EXISTS (SELECT 1 FROM group_admins WHERE id = NEW.id) THEN
        IF NOT EXISTS (
            SELECT 1 
            FROM group_members 
            WHERE group_id = NEW.group_id AND member_id = NEW.admin_id
        ) THEN
            INSERT INTO group_members (group_id, member_id) VALUES (NEW.group_id, NEW.admin_id);
        END IF;
    END IF;
    RETURN NEW;
END;
$$;


ALTER FUNCTION public.groupchat_admin_is_member() OWNER TO postgres;

--
-- TOC entry 282 (class 1255 OID 20640)
-- Name: insert_into_workson(); Type: FUNCTION; Schema: public; Owner: postgres
--

CREATE FUNCTION public.insert_into_workson() RETURNS trigger
    LANGUAGE plpgsql
    AS $$
BEGIN
    IF EXISTS (SELECT 1 FROM Work_Requests WHERE id = NEW.id AND status = 'A') THEN
        INSERT INTO works_on (employee_id, is_admin)
        VALUES (NEW.id, FALSE);
    END IF;
    RETURN NEW;
END;
$$;


ALTER FUNCTION public.insert_into_workson() OWNER TO postgres;

SET default_tablespace = '';

SET default_table_access_method = heap;

--
-- TOC entry 215 (class 1259 OID 20253)
-- Name: address; Type: TABLE; Schema: public; Owner: postgres
--

CREATE TABLE public.address (
    id bigint NOT NULL,
    country character varying(64) NOT NULL,
    city character varying(64) NOT NULL,
    street character varying(64) NOT NULL
);


ALTER TABLE public.address OWNER TO postgres;

--
-- TOC entry 214 (class 1259 OID 20252)
-- Name: address_id_seq; Type: SEQUENCE; Schema: public; Owner: postgres
--

ALTER TABLE public.address ALTER COLUMN id ADD GENERATED BY DEFAULT AS IDENTITY (
    SEQUENCE NAME public.address_id_seq
    START WITH 1
    INCREMENT BY 1
    NO MINVALUE
    NO MAXVALUE
    CACHE 1
);


--
-- TOC entry 223 (class 1259 OID 20290)
-- Name: auth_group; Type: TABLE; Schema: public; Owner: postgres
--

CREATE TABLE public.auth_group (
    id integer NOT NULL,
    name character varying(150) NOT NULL
);


ALTER TABLE public.auth_group OWNER TO postgres;

--
-- TOC entry 222 (class 1259 OID 20289)
-- Name: auth_group_id_seq; Type: SEQUENCE; Schema: public; Owner: postgres
--

ALTER TABLE public.auth_group ALTER COLUMN id ADD GENERATED BY DEFAULT AS IDENTITY (
    SEQUENCE NAME public.auth_group_id_seq
    START WITH 1
    INCREMENT BY 1
    NO MINVALUE
    NO MAXVALUE
    CACHE 1
);


--
-- TOC entry 225 (class 1259 OID 20298)
-- Name: auth_group_permissions; Type: TABLE; Schema: public; Owner: postgres
--

CREATE TABLE public.auth_group_permissions (
    id bigint NOT NULL,
    group_id integer NOT NULL,
    permission_id integer NOT NULL
);


ALTER TABLE public.auth_group_permissions OWNER TO postgres;

--
-- TOC entry 224 (class 1259 OID 20297)
-- Name: auth_group_permissions_id_seq; Type: SEQUENCE; Schema: public; Owner: postgres
--

ALTER TABLE public.auth_group_permissions ALTER COLUMN id ADD GENERATED BY DEFAULT AS IDENTITY (
    SEQUENCE NAME public.auth_group_permissions_id_seq
    START WITH 1
    INCREMENT BY 1
    NO MINVALUE
    NO MAXVALUE
    CACHE 1
);


--
-- TOC entry 221 (class 1259 OID 20284)
-- Name: auth_permission; Type: TABLE; Schema: public; Owner: postgres
--

CREATE TABLE public.auth_permission (
    id integer NOT NULL,
    name character varying(255) NOT NULL,
    content_type_id integer NOT NULL,
    codename character varying(100) NOT NULL
);


ALTER TABLE public.auth_permission OWNER TO postgres;

--
-- TOC entry 220 (class 1259 OID 20283)
-- Name: auth_permission_id_seq; Type: SEQUENCE; Schema: public; Owner: postgres
--

ALTER TABLE public.auth_permission ALTER COLUMN id ADD GENERATED BY DEFAULT AS IDENTITY (
    SEQUENCE NAME public.auth_permission_id_seq
    START WITH 1
    INCREMENT BY 1
    NO MINVALUE
    NO MAXVALUE
    CACHE 1
);


--
-- TOC entry 227 (class 1259 OID 20304)
-- Name: auth_user; Type: TABLE; Schema: public; Owner: postgres
--

CREATE TABLE public.auth_user (
    id integer NOT NULL,
    password character varying(128) NOT NULL,
    last_login timestamp with time zone,
    is_superuser boolean NOT NULL,
    username character varying(150) NOT NULL,
    first_name character varying(150) NOT NULL,
    last_name character varying(150) NOT NULL,
    email character varying(254) NOT NULL,
    is_staff boolean NOT NULL,
    is_active boolean NOT NULL,
    date_joined timestamp with time zone NOT NULL
);


ALTER TABLE public.auth_user OWNER TO postgres;

--
-- TOC entry 229 (class 1259 OID 20312)
-- Name: auth_user_groups; Type: TABLE; Schema: public; Owner: postgres
--

CREATE TABLE public.auth_user_groups (
    id bigint NOT NULL,
    user_id integer NOT NULL,
    group_id integer NOT NULL
);


ALTER TABLE public.auth_user_groups OWNER TO postgres;

--
-- TOC entry 228 (class 1259 OID 20311)
-- Name: auth_user_groups_id_seq; Type: SEQUENCE; Schema: public; Owner: postgres
--

ALTER TABLE public.auth_user_groups ALTER COLUMN id ADD GENERATED BY DEFAULT AS IDENTITY (
    SEQUENCE NAME public.auth_user_groups_id_seq
    START WITH 1
    INCREMENT BY 1
    NO MINVALUE
    NO MAXVALUE
    CACHE 1
);


--
-- TOC entry 226 (class 1259 OID 20303)
-- Name: auth_user_id_seq; Type: SEQUENCE; Schema: public; Owner: postgres
--

ALTER TABLE public.auth_user ALTER COLUMN id ADD GENERATED BY DEFAULT AS IDENTITY (
    SEQUENCE NAME public.auth_user_id_seq
    START WITH 1
    INCREMENT BY 1
    NO MINVALUE
    NO MAXVALUE
    CACHE 1
);


--
-- TOC entry 231 (class 1259 OID 20318)
-- Name: auth_user_user_permissions; Type: TABLE; Schema: public; Owner: postgres
--

CREATE TABLE public.auth_user_user_permissions (
    id bigint NOT NULL,
    user_id integer NOT NULL,
    permission_id integer NOT NULL
);


ALTER TABLE public.auth_user_user_permissions OWNER TO postgres;

--
-- TOC entry 230 (class 1259 OID 20317)
-- Name: auth_user_user_permissions_id_seq; Type: SEQUENCE; Schema: public; Owner: postgres
--

ALTER TABLE public.auth_user_user_permissions ALTER COLUMN id ADD GENERATED BY DEFAULT AS IDENTITY (
    SEQUENCE NAME public.auth_user_user_permissions_id_seq
    START WITH 1
    INCREMENT BY 1
    NO MINVALUE
    NO MAXVALUE
    CACHE 1
);


--
-- TOC entry 242 (class 1259 OID 20462)
-- Name: companies; Type: TABLE; Schema: public; Owner: postgres
--

CREATE TABLE public.companies (
    company_id integer NOT NULL,
    company_name text NOT NULL,
    slug character varying(50),
    description text,
    image character varying(100),
    establishment_date date NOT NULL,
    creation_date date,
    address_id bigint NOT NULL,
    phone character varying(128) NOT NULL
);


ALTER TABLE public.companies OWNER TO postgres;

--
-- TOC entry 241 (class 1259 OID 20461)
-- Name: companies_company_id_seq; Type: SEQUENCE; Schema: public; Owner: postgres
--

ALTER TABLE public.companies ALTER COLUMN company_id ADD GENERATED BY DEFAULT AS IDENTITY (
    SEQUENCE NAME public.companies_company_id_seq
    START WITH 1
    INCREMENT BY 1
    NO MINVALUE
    NO MAXVALUE
    CACHE 1
);


--
-- TOC entry 233 (class 1259 OID 20376)
-- Name: django_admin_log; Type: TABLE; Schema: public; Owner: postgres
--

CREATE TABLE public.django_admin_log (
    id integer NOT NULL,
    action_time timestamp with time zone NOT NULL,
    object_id text,
    object_repr character varying(200) NOT NULL,
    action_flag smallint NOT NULL,
    change_message text NOT NULL,
    content_type_id integer,
    user_id integer NOT NULL,
    CONSTRAINT django_admin_log_action_flag_check CHECK ((action_flag >= 0))
);


ALTER TABLE public.django_admin_log OWNER TO postgres;

--
-- TOC entry 232 (class 1259 OID 20375)
-- Name: django_admin_log_id_seq; Type: SEQUENCE; Schema: public; Owner: postgres
--

ALTER TABLE public.django_admin_log ALTER COLUMN id ADD GENERATED BY DEFAULT AS IDENTITY (
    SEQUENCE NAME public.django_admin_log_id_seq
    START WITH 1
    INCREMENT BY 1
    NO MINVALUE
    NO MAXVALUE
    CACHE 1
);


--
-- TOC entry 219 (class 1259 OID 20276)
-- Name: django_content_type; Type: TABLE; Schema: public; Owner: postgres
--

CREATE TABLE public.django_content_type (
    id integer NOT NULL,
    app_label character varying(100) NOT NULL,
    model character varying(100) NOT NULL
);


ALTER TABLE public.django_content_type OWNER TO postgres;

--
-- TOC entry 218 (class 1259 OID 20275)
-- Name: django_content_type_id_seq; Type: SEQUENCE; Schema: public; Owner: postgres
--

ALTER TABLE public.django_content_type ALTER COLUMN id ADD GENERATED BY DEFAULT AS IDENTITY (
    SEQUENCE NAME public.django_content_type_id_seq
    START WITH 1
    INCREMENT BY 1
    NO MINVALUE
    NO MAXVALUE
    CACHE 1
);


--
-- TOC entry 217 (class 1259 OID 20268)
-- Name: django_migrations; Type: TABLE; Schema: public; Owner: postgres
--

CREATE TABLE public.django_migrations (
    id bigint NOT NULL,
    app character varying(255) NOT NULL,
    name character varying(255) NOT NULL,
    applied timestamp with time zone NOT NULL
);


ALTER TABLE public.django_migrations OWNER TO postgres;

--
-- TOC entry 216 (class 1259 OID 20267)
-- Name: django_migrations_id_seq; Type: SEQUENCE; Schema: public; Owner: postgres
--

ALTER TABLE public.django_migrations ALTER COLUMN id ADD GENERATED BY DEFAULT AS IDENTITY (
    SEQUENCE NAME public.django_migrations_id_seq
    START WITH 1
    INCREMENT BY 1
    NO MINVALUE
    NO MAXVALUE
    CACHE 1
);


--
-- TOC entry 243 (class 1259 OID 20529)
-- Name: django_session; Type: TABLE; Schema: public; Owner: postgres
--

CREATE TABLE public.django_session (
    session_key character varying(40) NOT NULL,
    session_data text NOT NULL,
    expire_date timestamp with time zone NOT NULL
);


ALTER TABLE public.django_session OWNER TO postgres;

--
-- TOC entry 240 (class 1259 OID 20432)
-- Name: education_details; Type: TABLE; Schema: public; Owner: postgres
--

CREATE TABLE public.education_details (
    id bigint NOT NULL,
    name character varying(128) NOT NULL,
    graduation date NOT NULL,
    user_id integer NOT NULL
);


ALTER TABLE public.education_details OWNER TO postgres;

--
-- TOC entry 239 (class 1259 OID 20431)
-- Name: education_details_id_seq; Type: SEQUENCE; Schema: public; Owner: postgres
--

ALTER TABLE public.education_details ALTER COLUMN id ADD GENERATED BY DEFAULT AS IDENTITY (
    SEQUENCE NAME public.education_details_id_seq
    START WITH 1
    INCREMENT BY 1
    NO MINVALUE
    NO MAXVALUE
    CACHE 1
);


--
-- TOC entry 261 (class 1259 OID 29159)
-- Name: friend_requests; Type: TABLE; Schema: public; Owner: postgres
--

CREATE TABLE public.friend_requests (
    id integer NOT NULL,
    user1_id integer NOT NULL,
    request_id integer NOT NULL,
    status text NOT NULL
);


ALTER TABLE public.friend_requests OWNER TO postgres;

--
-- TOC entry 260 (class 1259 OID 29158)
-- Name: friend_requests_id_seq; Type: SEQUENCE; Schema: public; Owner: postgres
--

ALTER TABLE public.friend_requests ALTER COLUMN id ADD GENERATED BY DEFAULT AS IDENTITY (
    SEQUENCE NAME public.friend_requests_id_seq
    START WITH 1
    INCREMENT BY 1
    NO MINVALUE
    NO MAXVALUE
    CACHE 1
);


--
-- TOC entry 263 (class 1259 OID 29167)
-- Name: friends; Type: TABLE; Schema: public; Owner: postgres
--

CREATE TABLE public.friends (
    id bigint NOT NULL,
    person_id integer NOT NULL,
    friend_id integer NOT NULL
);


ALTER TABLE public.friends OWNER TO postgres;

--
-- TOC entry 262 (class 1259 OID 29166)
-- Name: friends_id_seq; Type: SEQUENCE; Schema: public; Owner: postgres
--

ALTER TABLE public.friends ALTER COLUMN id ADD GENERATED BY DEFAULT AS IDENTITY (
    SEQUENCE NAME public.friends_id_seq
    START WITH 1
    INCREMENT BY 1
    NO MINVALUE
    NO MAXVALUE
    CACHE 1
);


--
-- TOC entry 269 (class 1259 OID 29239)
-- Name: group_admins; Type: TABLE; Schema: public; Owner: postgres
--

CREATE TABLE public.group_admins (
    id integer NOT NULL,
    admin_id integer NOT NULL,
    group_id integer NOT NULL
);


ALTER TABLE public.group_admins OWNER TO postgres;

--
-- TOC entry 281 (class 1259 OID 37531)
-- Name: group_chat; Type: TABLE; Schema: public; Owner: postgres
--

CREATE TABLE public.group_chat (
    id integer NOT NULL,
    message text NOT NULL,
    file character varying(100),
    group_id integer NOT NULL,
    sender_id integer,
    send_date timestamp with time zone NOT NULL
);


ALTER TABLE public.group_chat OWNER TO postgres;

--
-- TOC entry 280 (class 1259 OID 37530)
-- Name: group_chat_conversation_id_seq; Type: SEQUENCE; Schema: public; Owner: postgres
--

ALTER TABLE public.group_chat ALTER COLUMN id ADD GENERATED BY DEFAULT AS IDENTITY (
    SEQUENCE NAME public.group_chat_conversation_id_seq
    START WITH 1
    INCREMENT BY 1
    NO MINVALUE
    NO MAXVALUE
    CACHE 1
);


--
-- TOC entry 268 (class 1259 OID 29238)
-- Name: group_chats_admins_id_seq; Type: SEQUENCE; Schema: public; Owner: postgres
--

ALTER TABLE public.group_admins ALTER COLUMN id ADD GENERATED BY DEFAULT AS IDENTITY (
    SEQUENCE NAME public.group_chats_admins_id_seq
    START WITH 1
    INCREMENT BY 1
    NO MINVALUE
    NO MAXVALUE
    CACHE 1
);


--
-- TOC entry 267 (class 1259 OID 29231)
-- Name: groups; Type: TABLE; Schema: public; Owner: postgres
--

CREATE TABLE public.groups (
    group_id integer NOT NULL,
    name character varying(256) NOT NULL,
    company_id integer NOT NULL
);


ALTER TABLE public.groups OWNER TO postgres;

--
-- TOC entry 266 (class 1259 OID 29230)
-- Name: group_chats_group_id_seq; Type: SEQUENCE; Schema: public; Owner: postgres
--

ALTER TABLE public.groups ALTER COLUMN group_id ADD GENERATED BY DEFAULT AS IDENTITY (
    SEQUENCE NAME public.group_chats_group_id_seq
    START WITH 1
    INCREMENT BY 1
    NO MINVALUE
    NO MAXVALUE
    CACHE 1
);


--
-- TOC entry 271 (class 1259 OID 29245)
-- Name: group_members; Type: TABLE; Schema: public; Owner: postgres
--

CREATE TABLE public.group_members (
    id integer NOT NULL,
    group_id integer NOT NULL,
    member_id integer NOT NULL
);


ALTER TABLE public.group_members OWNER TO postgres;

--
-- TOC entry 270 (class 1259 OID 29244)
-- Name: group_chats_members_id_seq; Type: SEQUENCE; Schema: public; Owner: postgres
--

ALTER TABLE public.group_members ALTER COLUMN id ADD GENERATED BY DEFAULT AS IDENTITY (
    SEQUENCE NAME public.group_chats_members_id_seq
    START WITH 1
    INCREMENT BY 1
    NO MINVALUE
    NO MAXVALUE
    CACHE 1
);


--
-- TOC entry 247 (class 1259 OID 20617)
-- Name: posts_private; Type: TABLE; Schema: public; Owner: postgres
--

CREATE TABLE public.posts_private (
    post_id integer NOT NULL,
    slug character varying(128),
    author_id bigint NOT NULL,
    title text,
    body text NOT NULL,
    publish_date timestamp with time zone NOT NULL,
    image character varying(100)
);


ALTER TABLE public.posts_private OWNER TO postgres;

--
-- TOC entry 257 (class 1259 OID 20779)
-- Name: posts_private_comments; Type: TABLE; Schema: public; Owner: postgres
--

CREATE TABLE public.posts_private_comments (
    id bigint NOT NULL,
    post_id integer NOT NULL,
    commentor_id integer NOT NULL,
    comment text NOT NULL,
    date timestamp with time zone NOT NULL
);


ALTER TABLE public.posts_private_comments OWNER TO postgres;

--
-- TOC entry 256 (class 1259 OID 20778)
-- Name: posts_private_comments_id_seq; Type: SEQUENCE; Schema: public; Owner: postgres
--

ALTER TABLE public.posts_private_comments ALTER COLUMN id ADD GENERATED BY DEFAULT AS IDENTITY (
    SEQUENCE NAME public.posts_private_comments_id_seq
    START WITH 1
    INCREMENT BY 1
    NO MINVALUE
    NO MAXVALUE
    CACHE 1
);


--
-- TOC entry 251 (class 1259 OID 20699)
-- Name: posts_private_likes; Type: TABLE; Schema: public; Owner: postgres
--

CREATE TABLE public.posts_private_likes (
    id bigint NOT NULL,
    post_id integer NOT NULL,
    like_id integer NOT NULL
);


ALTER TABLE public.posts_private_likes OWNER TO postgres;

--
-- TOC entry 250 (class 1259 OID 20698)
-- Name: posts_private_likes_id_seq; Type: SEQUENCE; Schema: public; Owner: postgres
--

ALTER TABLE public.posts_private_likes ALTER COLUMN id ADD GENERATED BY DEFAULT AS IDENTITY (
    SEQUENCE NAME public.posts_private_likes_id_seq
    START WITH 1
    INCREMENT BY 1
    NO MINVALUE
    NO MAXVALUE
    CACHE 1
);


--
-- TOC entry 246 (class 1259 OID 20616)
-- Name: posts_private_post_id_seq; Type: SEQUENCE; Schema: public; Owner: postgres
--

ALTER TABLE public.posts_private ALTER COLUMN post_id ADD GENERATED BY DEFAULT AS IDENTITY (
    SEQUENCE NAME public.posts_private_post_id_seq
    START WITH 1
    INCREMENT BY 1
    NO MINVALUE
    NO MAXVALUE
    CACHE 1
);


--
-- TOC entry 253 (class 1259 OID 20744)
-- Name: posts_public; Type: TABLE; Schema: public; Owner: postgres
--

CREATE TABLE public.posts_public (
    post_id integer NOT NULL,
    slug character varying(128),
    author_id integer NOT NULL,
    title text,
    body text NOT NULL,
    publish_date timestamp with time zone NOT NULL,
    image character varying(100)
);


ALTER TABLE public.posts_public OWNER TO postgres;

--
-- TOC entry 259 (class 1259 OID 20787)
-- Name: posts_public_comments; Type: TABLE; Schema: public; Owner: postgres
--

CREATE TABLE public.posts_public_comments (
    id bigint NOT NULL,
    post_id integer NOT NULL,
    commentor_id integer NOT NULL,
    comment text NOT NULL,
    date timestamp with time zone NOT NULL
);


ALTER TABLE public.posts_public_comments OWNER TO postgres;

--
-- TOC entry 258 (class 1259 OID 20786)
-- Name: posts_public_comments_id_seq; Type: SEQUENCE; Schema: public; Owner: postgres
--

ALTER TABLE public.posts_public_comments ALTER COLUMN id ADD GENERATED BY DEFAULT AS IDENTITY (
    SEQUENCE NAME public.posts_public_comments_id_seq
    START WITH 1
    INCREMENT BY 1
    NO MINVALUE
    NO MAXVALUE
    CACHE 1
);


--
-- TOC entry 255 (class 1259 OID 20761)
-- Name: posts_public_likes; Type: TABLE; Schema: public; Owner: postgres
--

CREATE TABLE public.posts_public_likes (
    id bigint NOT NULL,
    post_id integer NOT NULL,
    like_id integer NOT NULL
);


ALTER TABLE public.posts_public_likes OWNER TO postgres;

--
-- TOC entry 254 (class 1259 OID 20760)
-- Name: posts_public_likes_id_seq; Type: SEQUENCE; Schema: public; Owner: postgres
--

ALTER TABLE public.posts_public_likes ALTER COLUMN id ADD GENERATED BY DEFAULT AS IDENTITY (
    SEQUENCE NAME public.posts_public_likes_id_seq
    START WITH 1
    INCREMENT BY 1
    NO MINVALUE
    NO MAXVALUE
    CACHE 1
);


--
-- TOC entry 252 (class 1259 OID 20743)
-- Name: posts_public_post_id_seq; Type: SEQUENCE; Schema: public; Owner: postgres
--

ALTER TABLE public.posts_public ALTER COLUMN post_id ADD GENERATED BY DEFAULT AS IDENTITY (
    SEQUENCE NAME public.posts_public_post_id_seq
    START WITH 1
    INCREMENT BY 1
    NO MINVALUE
    NO MAXVALUE
    CACHE 1
);


--
-- TOC entry 265 (class 1259 OID 29203)
-- Name: private_chat; Type: TABLE; Schema: public; Owner: postgres
--

CREATE TABLE public.private_chat (
    message_id integer NOT NULL,
    message text NOT NULL,
    receiver_id bigint NOT NULL,
    sender_id bigint NOT NULL,
    send_date timestamp with time zone
);


ALTER TABLE public.private_chat OWNER TO postgres;

--
-- TOC entry 264 (class 1259 OID 29202)
-- Name: private_chat_message_id_seq; Type: SEQUENCE; Schema: public; Owner: postgres
--

ALTER TABLE public.private_chat ALTER COLUMN message_id ADD GENERATED BY DEFAULT AS IDENTITY (
    SEQUENCE NAME public.private_chat_message_id_seq
    START WITH 1
    INCREMENT BY 1
    NO MINVALUE
    NO MAXVALUE
    CACHE 1
);


--
-- TOC entry 279 (class 1259 OID 37481)
-- Name: project_admins; Type: TABLE; Schema: public; Owner: postgres
--

CREATE TABLE public.project_admins (
    id integer NOT NULL,
    project_id integer NOT NULL,
    admin_id integer NOT NULL
);


ALTER TABLE public.project_admins OWNER TO postgres;

--
-- TOC entry 278 (class 1259 OID 37480)
-- Name: project_admins_id_seq; Type: SEQUENCE; Schema: public; Owner: postgres
--

ALTER TABLE public.project_admins ALTER COLUMN id ADD GENERATED BY DEFAULT AS IDENTITY (
    SEQUENCE NAME public.project_admins_id_seq
    START WITH 1
    INCREMENT BY 1
    NO MINVALUE
    NO MAXVALUE
    CACHE 1
);


--
-- TOC entry 277 (class 1259 OID 37475)
-- Name: project_assign; Type: TABLE; Schema: public; Owner: postgres
--

CREATE TABLE public.project_assign (
    participant_id integer NOT NULL,
    division_id integer NOT NULL,
    assign_id integer NOT NULL
);


ALTER TABLE public.project_assign OWNER TO postgres;

--
-- TOC entry 276 (class 1259 OID 37474)
-- Name: project_assign_participant_id_seq; Type: SEQUENCE; Schema: public; Owner: postgres
--

ALTER TABLE public.project_assign ALTER COLUMN participant_id ADD GENERATED BY DEFAULT AS IDENTITY (
    SEQUENCE NAME public.project_assign_participant_id_seq
    START WITH 1
    INCREMENT BY 1
    NO MINVALUE
    NO MAXVALUE
    CACHE 1
);


--
-- TOC entry 275 (class 1259 OID 29297)
-- Name: project_divisions; Type: TABLE; Schema: public; Owner: postgres
--

CREATE TABLE public.project_divisions (
    division integer NOT NULL,
    title character varying(256) NOT NULL,
    description text NOT NULL,
    file character varying(100),
    project_id integer NOT NULL
);


ALTER TABLE public.project_divisions OWNER TO postgres;

--
-- TOC entry 274 (class 1259 OID 29296)
-- Name: project_divisions_division_seq; Type: SEQUENCE; Schema: public; Owner: postgres
--

ALTER TABLE public.project_divisions ALTER COLUMN division ADD GENERATED BY DEFAULT AS IDENTITY (
    SEQUENCE NAME public.project_divisions_division_seq
    START WITH 1
    INCREMENT BY 1
    NO MINVALUE
    NO MAXVALUE
    CACHE 1
);


--
-- TOC entry 273 (class 1259 OID 29289)
-- Name: projects; Type: TABLE; Schema: public; Owner: postgres
--

CREATE TABLE public.projects (
    project_id integer NOT NULL,
    title character varying(256) NOT NULL,
    description text NOT NULL,
    phase text NOT NULL,
    start_date date NOT NULL,
    finish_date date NOT NULL,
    company_id integer NOT NULL
);


ALTER TABLE public.projects OWNER TO postgres;

--
-- TOC entry 272 (class 1259 OID 29288)
-- Name: projects_project_id_seq; Type: SEQUENCE; Schema: public; Owner: postgres
--

ALTER TABLE public.projects ALTER COLUMN project_id ADD GENERATED BY DEFAULT AS IDENTITY (
    SEQUENCE NAME public.projects_project_id_seq
    START WITH 1
    INCREMENT BY 1
    NO MINVALUE
    NO MAXVALUE
    CACHE 1
);


--
-- TOC entry 238 (class 1259 OID 20426)
-- Name: university_details; Type: TABLE; Schema: public; Owner: postgres
--

CREATE TABLE public.university_details (
    id bigint NOT NULL,
    name character varying(128) NOT NULL,
    graduation date NOT NULL,
    degree character varying(64) NOT NULL,
    user_id integer NOT NULL
);


ALTER TABLE public.university_details OWNER TO postgres;

--
-- TOC entry 237 (class 1259 OID 20425)
-- Name: university_details_id_seq; Type: SEQUENCE; Schema: public; Owner: postgres
--

ALTER TABLE public.university_details ALTER COLUMN id ADD GENERATED BY DEFAULT AS IDENTITY (
    SEQUENCE NAME public.university_details_id_seq
    START WITH 1
    INCREMENT BY 1
    NO MINVALUE
    NO MAXVALUE
    CACHE 1
);


--
-- TOC entry 236 (class 1259 OID 20414)
-- Name: users; Type: TABLE; Schema: public; Owner: postgres
--

CREATE TABLE public.users (
    user_id integer NOT NULL,
    firstname character varying(32) NOT NULL,
    midname character varying(32),
    lastname character varying(32) NOT NULL,
    slug character varying(50),
    occupation character varying(64),
    gender text NOT NULL,
    image character varying(100),
    about text,
    country character varying(64) NOT NULL,
    create_date timestamp with time zone NOT NULL,
    phone character varying(128) NOT NULL
);


ALTER TABLE public.users OWNER TO postgres;

--
-- TOC entry 235 (class 1259 OID 20405)
-- Name: users_credentials; Type: TABLE; Schema: public; Owner: postgres
--

CREATE TABLE public.users_credentials (
    user_id integer NOT NULL,
    email character varying(254) NOT NULL,
    password text NOT NULL
);


ALTER TABLE public.users_credentials OWNER TO postgres;

--
-- TOC entry 234 (class 1259 OID 20404)
-- Name: users_credentials_user_id_seq; Type: SEQUENCE; Schema: public; Owner: postgres
--

ALTER TABLE public.users_credentials ALTER COLUMN user_id ADD GENERATED BY DEFAULT AS IDENTITY (
    SEQUENCE NAME public.users_credentials_user_id_seq
    START WITH 1
    INCREMENT BY 1
    NO MINVALUE
    NO MAXVALUE
    CACHE 1
);


--
-- TOC entry 245 (class 1259 OID 20569)
-- Name: work_requests; Type: TABLE; Schema: public; Owner: postgres
--

CREATE TABLE public.work_requests (
    id integer NOT NULL,
    user_id integer NOT NULL,
    company_id integer NOT NULL,
    status text NOT NULL
);


ALTER TABLE public.work_requests OWNER TO postgres;

--
-- TOC entry 244 (class 1259 OID 20568)
-- Name: work_requests_id_seq; Type: SEQUENCE; Schema: public; Owner: postgres
--

ALTER TABLE public.work_requests ALTER COLUMN id ADD GENERATED BY DEFAULT AS IDENTITY (
    SEQUENCE NAME public.work_requests_id_seq
    START WITH 1
    INCREMENT BY 1
    NO MINVALUE
    NO MAXVALUE
    CACHE 1
);


--
-- TOC entry 249 (class 1259 OID 20656)
-- Name: works_on; Type: TABLE; Schema: public; Owner: postgres
--

CREATE TABLE public.works_on (
    id integer NOT NULL,
    employee_id integer NOT NULL,
    is_admin boolean
);


ALTER TABLE public.works_on OWNER TO postgres;

--
-- TOC entry 248 (class 1259 OID 20655)
-- Name: works_on_id_seq; Type: SEQUENCE; Schema: public; Owner: postgres
--

ALTER TABLE public.works_on ALTER COLUMN id ADD GENERATED BY DEFAULT AS IDENTITY (
    SEQUENCE NAME public.works_on_id_seq
    START WITH 1
    INCREMENT BY 1
    NO MINVALUE
    NO MAXVALUE
    CACHE 1
);


--
-- TOC entry 3703 (class 0 OID 20253)
-- Dependencies: 215
-- Data for Name: address; Type: TABLE DATA; Schema: public; Owner: postgres
--

COPY public.address (id, country, city, street) FROM stdin;
1	Greece	Chania	Skalidi 5
2	Greece	Athens	Ermou
3	Greece	Chania	Kentro 43
4	Greece	Athens	Ermou 38
5	USA	Anytown	123 Innovation Avenue
6	USA	Anytown	789 Biomed Plaza
7	Greece	Athens	23 Dionysiou Street
\.


--
-- TOC entry 3711 (class 0 OID 20290)
-- Dependencies: 223
-- Data for Name: auth_group; Type: TABLE DATA; Schema: public; Owner: postgres
--

COPY public.auth_group (id, name) FROM stdin;
\.


--
-- TOC entry 3713 (class 0 OID 20298)
-- Dependencies: 225
-- Data for Name: auth_group_permissions; Type: TABLE DATA; Schema: public; Owner: postgres
--

COPY public.auth_group_permissions (id, group_id, permission_id) FROM stdin;
\.


--
-- TOC entry 3709 (class 0 OID 20284)
-- Dependencies: 221
-- Data for Name: auth_permission; Type: TABLE DATA; Schema: public; Owner: postgres
--

COPY public.auth_permission (id, name, content_type_id, codename) FROM stdin;
1	Can add address	1	add_address
2	Can change address	1	change_address
3	Can delete address	1	delete_address
4	Can view address	1	view_address
5	Can add phone	2	add_phone
6	Can change phone	2	change_phone
7	Can delete phone	2	delete_phone
8	Can view phone	2	view_phone
9	Can add users credentials	3	add_userscredentials
10	Can change users credentials	3	change_userscredentials
11	Can delete users credentials	3	delete_userscredentials
12	Can view users credentials	3	view_userscredentials
13	Can add users	4	add_users
14	Can change users	4	change_users
15	Can delete users	4	delete_users
16	Can view users	4	view_users
17	Can add university details	5	add_universitydetails
18	Can change university details	5	change_universitydetails
19	Can delete university details	5	delete_universitydetails
20	Can view university details	5	view_universitydetails
21	Can add education details	6	add_educationdetails
22	Can change education details	6	change_educationdetails
23	Can delete education details	6	delete_educationdetails
24	Can view education details	6	view_educationdetails
25	Can add companies	7	add_companies
26	Can change companies	7	change_companies
27	Can delete companies	7	delete_companies
28	Can view companies	7	view_companies
29	Can add companies admins	8	add_companiesadmins
30	Can change companies admins	8	change_companiesadmins
31	Can delete companies admins	8	delete_companiesadmins
32	Can view companies admins	8	view_companiesadmins
33	Can add works on	9	add_workson
34	Can change works on	9	change_workson
35	Can delete works on	9	delete_workson
36	Can view works on	9	view_workson
37	Can add log entry	10	add_logentry
38	Can change log entry	10	change_logentry
39	Can delete log entry	10	delete_logentry
40	Can view log entry	10	view_logentry
41	Can add permission	11	add_permission
42	Can change permission	11	change_permission
43	Can delete permission	11	delete_permission
44	Can view permission	11	view_permission
45	Can add group	12	add_group
46	Can change group	12	change_group
47	Can delete group	12	delete_group
48	Can view group	12	view_group
49	Can add user	13	add_user
50	Can change user	13	change_user
51	Can delete user	13	delete_user
52	Can view user	13	view_user
53	Can add content type	14	add_contenttype
54	Can change content type	14	change_contenttype
55	Can delete content type	14	delete_contenttype
56	Can view content type	14	view_contenttype
57	Can add session	15	add_session
58	Can change session	15	change_session
59	Can delete session	15	delete_session
60	Can view session	15	view_session
61	Can add posts private	16	add_postsprivate
62	Can change posts private	16	change_postsprivate
63	Can delete posts private	16	delete_postsprivate
64	Can view posts private	16	view_postsprivate
65	Can add work requests	17	add_workrequests
66	Can change work requests	17	change_workrequests
67	Can delete work requests	17	delete_workrequests
68	Can view work requests	17	view_workrequests
69	Can add post private likes	18	add_postprivatelikes
70	Can change post private likes	18	change_postprivatelikes
71	Can delete post private likes	18	delete_postprivatelikes
72	Can view post private likes	18	view_postprivatelikes
73	Can add posts public	19	add_postspublic
74	Can change posts public	19	change_postspublic
75	Can delete posts public	19	delete_postspublic
76	Can view posts public	19	view_postspublic
77	Can add post public likes	20	add_postpubliclikes
78	Can change post public likes	20	change_postpubliclikes
79	Can delete post public likes	20	delete_postpubliclikes
80	Can view post public likes	20	view_postpubliclikes
81	Can add posts private likes	21	add_postsprivatelikes
82	Can change posts private likes	21	change_postsprivatelikes
83	Can delete posts private likes	21	delete_postsprivatelikes
84	Can view posts private likes	21	view_postsprivatelikes
85	Can add posts public likes	22	add_postspubliclikes
86	Can change posts public likes	22	change_postspubliclikes
87	Can delete posts public likes	22	delete_postspubliclikes
88	Can view posts public likes	22	view_postspubliclikes
89	Can add posts private comments	23	add_postsprivatecomments
90	Can change posts private comments	23	change_postsprivatecomments
91	Can delete posts private comments	23	delete_postsprivatecomments
92	Can view posts private comments	23	view_postsprivatecomments
93	Can add posts public comments	24	add_postspubliccomments
94	Can change posts public comments	24	change_postspubliccomments
95	Can delete posts public comments	24	delete_postspubliccomments
96	Can view posts public comments	24	view_postspubliccomments
97	Can add friend requests	25	add_friendrequests
98	Can change friend requests	25	change_friendrequests
99	Can delete friend requests	25	delete_friendrequests
100	Can view friend requests	25	view_friendrequests
101	Can add friends	26	add_friends
102	Can change friends	26	change_friends
103	Can delete friends	26	delete_friends
104	Can view friends	26	view_friends
105	Can add private chat	27	add_privatechat
106	Can change private chat	27	change_privatechat
107	Can delete private chat	27	delete_privatechat
108	Can view private chat	27	view_privatechat
109	Can add group chats	28	add_groupchats
110	Can change group chats	28	change_groupchats
111	Can delete group chats	28	delete_groupchats
112	Can view group chats	28	view_groupchats
113	Can add group chats admins	29	add_groupchatsadmins
114	Can change group chats admins	29	change_groupchatsadmins
115	Can delete group chats admins	29	delete_groupchatsadmins
116	Can view group chats admins	29	view_groupchatsadmins
117	Can add group chat members	30	add_groupchatmembers
118	Can change group chat members	30	change_groupchatmembers
119	Can delete group chat members	30	delete_groupchatmembers
120	Can view group chat members	30	view_groupchatmembers
121	Can add project division	31	add_projectdivision
122	Can change project division	31	change_projectdivision
123	Can delete project division	31	delete_projectdivision
124	Can view project division	31	view_projectdivision
125	Can add projects	32	add_projects
126	Can change projects	32	change_projects
127	Can delete projects	32	delete_projects
128	Can view projects	32	view_projects
129	Can add project assign	33	add_projectassign
130	Can change project assign	33	change_projectassign
131	Can delete project assign	33	delete_projectassign
132	Can view project assign	33	view_projectassign
133	Can add project admin	34	add_projectadmin
134	Can change project admin	34	change_projectadmin
135	Can delete project admin	34	delete_projectadmin
136	Can view project admin	34	view_projectadmin
137	Can add group chat conversation	35	add_groupchatconversation
138	Can change group chat conversation	35	change_groupchatconversation
139	Can delete group chat conversation	35	delete_groupchatconversation
140	Can view group chat conversation	35	view_groupchatconversation
141	Can add group admins	29	add_groupadmins
142	Can change group admins	29	change_groupadmins
143	Can delete group admins	29	delete_groupadmins
144	Can view group admins	29	view_groupadmins
145	Can add group chat	35	add_groupchat
146	Can change group chat	35	change_groupchat
147	Can delete group chat	35	delete_groupchat
148	Can view group chat	35	view_groupchat
149	Can add group members	30	add_groupmembers
150	Can change group members	30	change_groupmembers
151	Can delete group members	30	delete_groupmembers
152	Can view group members	30	view_groupmembers
153	Can add groups	28	add_groups
154	Can change groups	28	change_groups
155	Can delete groups	28	delete_groups
156	Can view groups	28	view_groups
157	Can add groups	36	add_groups
158	Can change groups	36	change_groups
159	Can delete groups	36	delete_groups
160	Can view groups	36	view_groups
161	Can add group admins	37	add_groupadmins
162	Can change group admins	37	change_groupadmins
163	Can delete group admins	37	delete_groupadmins
164	Can view group admins	37	view_groupadmins
165	Can add group members	38	add_groupmembers
166	Can change group members	38	change_groupmembers
167	Can delete group members	38	delete_groupmembers
168	Can view group members	38	view_groupmembers
169	Can add group chat	39	add_groupchat
170	Can change group chat	39	change_groupchat
171	Can delete group chat	39	delete_groupchat
172	Can view group chat	39	view_groupchat
\.


--
-- TOC entry 3715 (class 0 OID 20304)
-- Dependencies: 227
-- Data for Name: auth_user; Type: TABLE DATA; Schema: public; Owner: postgres
--

COPY public.auth_user (id, password, last_login, is_superuser, username, first_name, last_name, email, is_staff, is_active, date_joined) FROM stdin;
1	pbkdf2_sha256$600000$pJhNpXYAyKcQCJVdyFTzhg$mrMb9kVOiUfMix7XHu8dMJmoISogk+FSu/ixFjx7u8M=	2023-12-27 12:31:08.795942+02	t	borakis				t	t	2023-11-08 17:33:15.209089+02
\.


--
-- TOC entry 3717 (class 0 OID 20312)
-- Dependencies: 229
-- Data for Name: auth_user_groups; Type: TABLE DATA; Schema: public; Owner: postgres
--

COPY public.auth_user_groups (id, user_id, group_id) FROM stdin;
\.


--
-- TOC entry 3719 (class 0 OID 20318)
-- Dependencies: 231
-- Data for Name: auth_user_user_permissions; Type: TABLE DATA; Schema: public; Owner: postgres
--

COPY public.auth_user_user_permissions (id, user_id, permission_id) FROM stdin;
\.


--
-- TOC entry 3730 (class 0 OID 20462)
-- Dependencies: 242
-- Data for Name: companies; Type: TABLE DATA; Schema: public; Owner: postgres
--

COPY public.companies (company_id, company_name, slug, description, image, establishment_date, creation_date, address_id, phone) FROM stdin;
4	TechVerse Solutions	techverse-solutions	"TechVerse Solutions is a cutting-edge startup IT company focused on revolutionizing data analytics for small and medium-sized businesses. Our company specializes in developing AI-powered software solutions that streamline data management, offer predictive analytics, and optimize decision-making processes. By harnessing the latest advancements in machine learning and data science, we empower businesses to extract valuable insights from their data, enabling them to make informed strategic choices and drive growth. Comprising a team of visionary data scientists, software engineers, and industry experts, we're committed to delivering innovative tools that transform raw data into actionable intelligence, helping businesses thrive in an increasingly data-centric world."	company_image/IMG_20210917_121110.jpg	1998-02-06	2023-12-26	4	+306984576230
5	Tech Solutions Inc.	tech-solutions-inc	Technology consulting firm specializing in software development and IT solutions.		2010-07-15	2023-12-27	5	+12564895623
6	BioHealth Pharmaceuticals	biohealth-pharmaceuticals	Biotechnology firm dedicated to developing innovative medicines and treatments.		2014-11-11	2023-12-27	6	+12532010102
7	Olympus Software Solutions SA	olympus-software-solutions-sa	Software development company specializing in custom applications and digital solutions.		2013-09-25	2023-12-27	7	+302101234567
1	Eurodata	eurodata	Eurodata is a pioneering company specializing in providing innovative digital solutions and advanced technological services. Renowned for its expertise in digital transformation, Eurodata focuses on delivering cutting-edge software solutions, cloud-based applications, and data-driven services tailored to meet the evolving needs of modern businesses.		2023-11-08	2023-11-08	1	+302821026594
2	Tele Inc.	tele-inc	Tele Inc. is a forward-thinking company specializing in telecommunications solutions and services. With a focus on connectivity and communication, Tele Inc. provides a range of cutting-edge telecommunication products, including telephony systems, network infrastructure, and unified communication solutions.		2023-11-08	2023-11-08	2	+302101695485
\.


--
-- TOC entry 3721 (class 0 OID 20376)
-- Dependencies: 233
-- Data for Name: django_admin_log; Type: TABLE DATA; Schema: public; Owner: postgres
--

COPY public.django_admin_log (id, action_time, object_id, object_repr, action_flag, change_message, content_type_id, user_id) FROM stdin;
1	2023-11-08 17:36:40.520869+02	2	second@mail.gr	1	[{"added": {}}]	3	1
2	2023-11-08 17:39:13.728563+02	1	(+30) 6942885327	1	[{"added": {}}]	2	1
3	2023-11-08 17:39:42.46492+02	1	Christos Borakis	1	[{"added": {}}]	4	1
4	2023-11-08 17:39:52.360343+02	1	Christos Borakis	2	[{"changed": {"fields": ["Image"]}}]	4	1
5	2023-11-08 17:40:46.507023+02	2	(+44) 5648512354	1	[{"added": {}}]	2	1
6	2023-11-08 17:40:53.530912+02	2	Alexis Papadakis	1	[{"added": {}}]	4	1
7	2023-11-08 17:41:23.630922+02	1	Christos Borakis 5th High School of Chania	1	[{"added": {}}]	6	1
8	2023-11-08 17:41:40.980372+02	1	Christos Borakis Technical University Of Crete	1	[{"added": {}}]	5	1
9	2023-11-08 17:42:33.68246+02	1	Greece (Skalidi 5 Chania)	1	[{"added": {}}]	1	1
10	2023-11-08 17:42:55.137067+02	1	Eurobank	1	[{"added": {}}]	7	1
11	2023-11-08 17:44:10.45526+02	2	Greece (Ermou Athens)	1	[{"added": {}}]	1	1
12	2023-11-08 17:44:24.08393+02	3	(+30) 2105445845	1	[{"added": {}}]	2	1
13	2023-11-08 17:44:27.86084+02	2	Telemarketing	1	[{"added": {}}]	7	1
14	2023-11-08 17:44:38.966957+02	1	[A] Christos Borakis -> Eurobank	1	[{"added": {}}]	9	1
15	2023-11-09 13:59:57.536667+02	1	[Eurobank] administrated by Alexis Papadakis	3		8	1
16	2023-11-09 14:11:07.000536+02	2	[A] Alexis Papadakis -> Telemarketing	1	[{"added": {}}]	9	1
17	2023-11-09 14:13:32.919247+02	3	aa@gmail.com	1	[{"added": {}}]	3	1
18	2023-11-09 14:14:06.403133+02	4	(+30) 6915487526	1	[{"added": {}}]	2	1
19	2023-11-09 14:14:11.569378+02	3	George Papadakis	1	[{"added": {}}]	4	1
20	2023-11-09 14:14:38.601414+02	3	[A] George Papadakis -> Eurobank	1	[{"added": {}}]	9	1
21	2023-11-09 14:17:39.629977+02	638	[Telemarketing] administrated by George Papadakis	3		8	1
22	2023-11-09 14:20:14.871088+02	648	[Telemarketing] administrated by George Papadakis	3		8	1
23	2023-11-09 14:49:12.257431+02	3	George Papadakis	2	[{"changed": {"fields": ["Phone"]}}]	4	1
24	2023-11-09 14:49:33.813576+02	1	Christos Borakis	2	[{"changed": {"fields": ["Phone"]}}]	4	1
25	2023-11-10 15:29:51.002684+02	5	dimitra@gmail.com	3		3	1
26	2023-11-10 15:29:54.578522+02	4	petros@gmail.com	3		3	1
27	2023-11-10 15:30:11.121981+02	6	markos@gmail.com	1	[{"added": {}}]	3	1
28	2023-11-10 15:30:39.163176+02	3	aa@gmail.com	2	[]	3	1
29	2023-11-10 15:30:43.43303+02	2	second@mail.gr	2	[]	3	1
30	2023-11-10 15:30:45.637484+02	1	first@email.com	2	[]	3	1
31	2023-11-10 15:31:29.163675+02	2	Alexis Papadakis	2	[{"changed": {"fields": ["Phone"]}}]	4	1
32	2023-11-10 15:31:51.397727+02	2	Telemarketing	2	[{"changed": {"fields": ["Phone"]}}]	7	1
33	2023-11-10 15:31:59.842939+02	1	Eurobank	2	[{"changed": {"fields": ["Phone"]}}]	7	1
34	2023-11-10 15:32:18.862073+02	656	[Telemarketing] administrated by George Papadakis	2	[]	8	1
35	2023-11-10 15:32:31.315393+02	656	[Telemarketing] administrated by George Papadakis	2	[]	8	1
36	2023-11-10 15:32:34.491765+02	656	[Eurobank] administrated by George Papadakis	2	[{"changed": {"fields": ["Company"]}}]	8	1
37	2023-11-10 15:32:42.636848+02	656	[Telemarketing] administrated by George Papadakis	2	[{"changed": {"fields": ["Company"]}}]	8	1
38	2023-11-10 15:32:46.899856+02	656	[Eurobank] administrated by George Papadakis	2	[{"changed": {"fields": ["Company"]}}]	8	1
39	2023-11-10 15:34:38.115307+02	656	[Eurobank] administrated by George Papadakis	3		8	1
40	2023-11-10 15:34:40.73538+02	630	[Telemarketing] administrated by Alexis Papadakis	3		8	1
41	2023-11-10 15:34:43.17883+02	618	[Eurobank] administrated by Christos Borakis	3		8	1
42	2023-12-06 12:15:58.207889+02	1	PostsPrivate object (1)	1	[{"added": {}}]	16	1
43	2023-12-06 12:26:31.583233+02	2	[[A] Christos Borakis -> Eurobank] First Post	1	[{"added": {}}]	16	1
44	2023-12-06 12:29:37.67961+02	3	[Telemarketing - Alexis Papadakis] FIrst post of telemarketing	1	[{"added": {}}]	16	1
45	2023-12-06 12:32:58.652715+02	4	[Telemarketing - Alexis Papadakis] First post of the day	1	[{"added": {}}]	16	1
46	2023-12-09 13:56:21.254329+02	2	[Eurobank - Christos Borakis] First Post	2	[{"changed": {"fields": ["Image"]}}]	16	1
47	2023-12-09 14:42:49.570686+02	1	[P] George Papadakis -> Telemarketing	1	[{"added": {}}]	17	1
48	2023-12-09 14:42:57.69227+02	1	[A] George Papadakis -> Telemarketing	2	[{"changed": {"fields": ["Status"]}}]	17	1
49	2023-12-09 14:44:48.919307+02	1	[D] George Papadakis -> Telemarketing	2	[{"changed": {"fields": ["Status"]}}]	17	1
50	2023-12-09 14:44:55.986539+02	1	[P] George Papadakis -> Telemarketing	2	[{"changed": {"fields": ["Status"]}}]	17	1
51	2023-12-09 15:00:17.022613+02	1	[P] George Papadakis -> Telemarketing	2	[{"changed": {"fields": ["Status"]}}]	17	1
52	2023-12-09 15:00:22.401201+02	1	[A] George Papadakis -> Telemarketing	2	[{"changed": {"fields": ["Status"]}}]	17	1
53	2023-12-09 15:00:29.05654+02	1	[P] George Papadakis -> Telemarketing	2	[{"changed": {"fields": ["Status"]}}]	17	1
54	2023-12-09 15:02:33.531899+02	1	[P] George Papadakis -> Telemarketing	2	[{"changed": {"fields": ["Status"]}}]	17	1
55	2023-12-09 15:02:37.650348+02	1	[A] George Papadakis -> Telemarketing	2	[{"changed": {"fields": ["Status"]}}]	17	1
56	2023-12-09 15:53:42.490661+02	1	[P] George Papadakis -> Telemarketing	2	[{"changed": {"fields": ["Status"]}}]	17	1
57	2023-12-09 15:53:49.902845+02	1	[A] George Papadakis -> Telemarketing	2	[{"changed": {"fields": ["Status"]}}]	17	1
58	2023-12-09 16:15:50.866969+02	1	[A] George Papadakis -> Telemarketing	2	[{"changed": {"fields": ["Status"]}}]	17	1
59	2023-12-09 16:17:17.500885+02	1	*[Telemarketing]* administrated by George Papadakis	1	[{"added": {}}]	8	1
60	2023-12-09 16:18:36.430361+02	2	[A] Christos Borakis -> Eurobank	1	[{"added": {}}]	17	1
61	2023-12-09 16:18:56.366348+02	3	[A] Alexis Papadakis -> Eurobank	1	[{"added": {}}]	17	1
63	2023-12-09 16:22:32.020469+02	2	[Eurobank - Alexis Papadakis] first post	1	[{"added": {}}]	16	1
67	2023-12-09 16:57:15.550176+02	2	[Eurobank] Christos Borakis	3		9	1
75	2023-12-09 17:10:04.947609+02	1	[Telemarketing] administrated by George Papadakis	3		8	1
78	2023-12-09 17:11:24.195841+02	2	[Eurobank - Alexis Papadakis] first post	3		16	1
79	2023-12-09 17:11:30.45926+02	3	[A] Alexis Papadakis -> Eurobank	3		17	1
80	2023-12-09 17:11:34.735227+02	1	[A] George Papadakis -> Telemarketing	3		17	1
81	2023-12-09 17:11:54.465945+02	12	[P] George Papadakis -> Eurobank	1	[{"added": {}}]	17	1
82	2023-12-09 17:11:59.453101+02	13	[P] Christos Borakis -> Eurobank	1	[{"added": {}}]	17	1
83	2023-12-09 17:12:03.906109+02	14	[P] Alexis Papadakis -> Telemarketing	1	[{"added": {}}]	17	1
84	2023-12-09 17:12:10.679643+02	14	[A] Alexis Papadakis -> Telemarketing	2	[{"changed": {"fields": ["Status"]}}]	17	1
85	2023-12-09 17:12:16.16489+02	13	[A] Christos Borakis -> Eurobank	2	[{"changed": {"fields": ["Status"]}}]	17	1
86	2023-12-09 17:12:18.775483+02	12	[A] George Papadakis -> Eurobank	2	[{"changed": {"fields": ["Status"]}}]	17	1
87	2023-12-09 17:12:26.002623+02	13	[Eurobank] administrated by Christos Borakis	1	[{"added": {}}]	8	1
95	2023-12-09 17:34:37.142759+02	15	[P] George Papadakis -> Telemarketing	1	[{"added": {}}]	17	1
96	2023-12-09 17:34:41.93506+02	16	[P] Christos Borakis -> Telemarketing	1	[{"added": {}}]	17	1
97	2023-12-09 17:34:47.110232+02	17	[P] Alexis Papadakis -> Eurobank	1	[{"added": {}}]	17	1
98	2023-12-09 17:34:58.323092+02	17	[A] Alexis Papadakis -> Eurobank	2	[{"changed": {"fields": ["Status"]}}]	17	1
99	2023-12-09 17:35:01.291764+02	16	[A] Christos Borakis -> Telemarketing	2	[{"changed": {"fields": ["Status"]}}]	17	1
100	2023-12-09 17:35:03.839341+02	15	[A] George Papadakis -> Telemarketing	2	[{"changed": {"fields": ["Status"]}}]	17	1
108	2023-12-09 17:46:15.967155+02	11	[Eurobank] administrated by Alexis Papadakis	1	[{"added": {}}]	8	1
109	2023-12-09 17:46:25.727446+02	12	[Telemarketing] administrated by Christos Borakis	1	[{"added": {}}]	8	1
110	2023-12-09 17:46:44.426875+02	12	[Telemarketing - Christos Borakis] FIrst post of december	1	[{"added": {}}]	16	1
116	2023-12-11 13:26:41.970748+02	11	[Telemarketing] George Papadakis	3		9	1
119	2023-12-11 13:38:44.189467+02	17	[A] Alexis Papadakis -> Eurobank	2	[]	17	1
120	2023-12-11 13:38:54.473093+02	16	[A] Christos Borakis -> Telemarketing	2	[]	17	1
121	2023-12-11 13:39:17.974082+02	15	[A] George Papadakis -> Telemarketing	2	[]	17	1
122	2023-12-11 13:39:43.074839+02	2	[Telemarketing] Christos Borakis	2	[{"changed": {"fields": ["Is admin"]}}]	9	1
123	2023-12-11 13:39:47.006267+02	4	[Telemarketing] George Papadakis	2	[{"changed": {"fields": ["Is admin"]}}]	9	1
124	2023-12-11 13:39:49.952805+02	1	[Eurobank] Alexis Papadakis	2	[{"changed": {"fields": ["Is admin"]}}]	9	1
125	2023-12-11 13:40:05.410287+02	13	[Telemarketing - Christos Borakis] Good morning	1	[{"added": {}}]	16	1
126	2023-12-11 13:40:27.707736+02	14	[Telemarketing - George Papadakis] Hello to everyone	1	[{"added": {}}]	16	1
127	2023-12-11 13:40:52.918961+02	15	[Eurobank - Alexis Papadakis] New Weekend with new project	1	[{"added": {}}]	16	1
128	2023-12-11 13:41:09.902827+02	4	[Telemarketing] George Papadakis	3		9	1
129	2023-12-11 13:50:15.381019+02	15	[A] George Papadakis -> Telemarketing	3		17	1
130	2023-12-11 13:51:09.250102+02	17	[D] Alexis Papadakis -> Eurobank	2	[{"changed": {"fields": ["Status"]}}]	17	1
131	2023-12-11 13:51:19.983359+02	16	[A] Christos Borakis -> Telemarketing	2	[]	17	1
132	2023-12-11 13:51:28.203607+02	17	[A] Alexis Papadakis -> Eurobank	2	[{"changed": {"fields": ["Status"]}}]	17	1
133	2023-12-11 13:56:24.933964+02	17	[Eurobank - Alexis Papadakis] first	1	[{"added": {}}]	16	1
134	2023-12-11 13:56:34.115878+02	6	[Eurobank] Alexis Papadakis	3		9	1
135	2023-12-11 13:56:44.334516+02	17	[A] Alexis Papadakis -> Eurobank	2	[]	17	1
136	2023-12-11 14:14:58.597195+02	18	[Telemarketing - Christos Borakis] firs tpost	1	[{"added": {}}]	16	1
137	2023-12-11 14:15:14.664176+02	1	PostPrivateLikes object (1)	1	[{"added": {}}]	18	1
138	2023-12-11 14:25:28.923574+02	18	[A] George Papadakis -> Telemarketing	1	[{"added": {}}]	17	1
139	2023-12-11 14:25:48.22805+02	1	[Telemarketing - firs tpost] liked by Christos Borakis	1	[{"added": {}}]	18	1
140	2023-12-11 14:25:51.591945+02	2	[Telemarketing - firs tpost] liked by George Papadakis	1	[{"added": {}}]	18	1
142	2023-12-11 14:31:25.088536+02	18	[D] George Papadakis -> Telemarketing	2	[{"changed": {"fields": ["Status"]}}]	17	1
143	2023-12-11 14:32:05.31843+02	18	[A] George Papadakis -> Telemarketing	2	[{"changed": {"fields": ["Status"]}}]	17	1
144	2023-12-11 14:32:11.272503+02	17	[A] Alexis Papadakis -> Eurobank	2	[]	17	1
145	2023-12-11 14:32:15.677085+02	16	[A] Christos Borakis -> Telemarketing	2	[]	17	1
146	2023-12-11 14:32:21.538157+02	17	[D] Alexis Papadakis -> Eurobank	2	[{"changed": {"fields": ["Status"]}}]	17	1
147	2023-12-11 14:35:46.987789+02	17	[A] Alexis Papadakis -> Eurobank	2	[{"changed": {"fields": ["Status"]}}]	17	1
148	2023-12-11 14:35:53.223987+02	18	[A] George Papadakis -> Telemarketing	2	[]	17	1
149	2023-12-11 14:35:56.518351+02	16	[A] Christos Borakis -> Telemarketing	2	[]	17	1
150	2023-12-11 14:36:43.545827+02	17	[D] Alexis Papadakis -> Eurobank	2	[{"changed": {"fields": ["Status"]}}]	17	1
151	2023-12-11 14:37:32.785736+02	18	[A] George Papadakis -> Telemarketing	2	[]	17	1
152	2023-12-11 14:37:35.657246+02	17	[A] Alexis Papadakis -> Eurobank	2	[{"changed": {"fields": ["Status"]}}]	17	1
153	2023-12-11 14:37:37.352434+02	16	[A] Christos Borakis -> Telemarketing	2	[]	17	1
154	2023-12-11 14:38:43.667817+02	17	[D] Alexis Papadakis -> Eurobank	2	[{"changed": {"fields": ["Status"]}}]	17	1
155	2023-12-11 14:40:07.787285+02	17	[D] Alexis Papadakis -> Eurobank	3		17	1
156	2023-12-11 14:40:16.602635+02	18	[A] George Papadakis -> Telemarketing	3		17	1
157	2023-12-11 14:40:47.470479+02	20	[P] George Papadakis -> Telemarketing	1	[{"added": {}}]	17	1
158	2023-12-11 14:43:10.742049+02	20	[A] George Papadakis -> Telemarketing	2	[{"changed": {"fields": ["Status"]}}]	17	1
159	2023-12-11 14:43:21.670753+02	21	[A] Christos Borakis -> Eurobank	1	[{"added": {}}]	17	1
160	2023-12-11 14:47:26.489523+02	23	[P] Christos Borakis -> Eurobank	1	[{"added": {}}]	17	1
161	2023-12-11 14:48:18.920114+02	23	[A] Christos Borakis -> Eurobank	2	[{"changed": {"fields": ["Status"]}}]	17	1
162	2023-12-11 14:55:17.780934+02	26	[P] George Papadakis -> Telemarketing	1	[{"added": {}}]	17	1
163	2023-12-11 15:00:04.641614+02	26	[P] George Papadakis -> Telemarketing	2	[]	17	1
164	2023-12-11 15:00:11.678273+02	26	[D] George Papadakis -> Telemarketing	2	[{"changed": {"fields": ["Status"]}}]	17	1
165	2023-12-11 15:07:21.86297+02	26	[D] George Papadakis -> Telemarketing	2	[]	17	1
166	2023-12-11 15:08:38.115071+02	26	[A] George Papadakis -> Telemarketing	2	[{"changed": {"fields": ["Status"]}}]	17	1
167	2023-12-11 15:12:14.027659+02	30	[P] Alexis Papadakis -> Eurobank	1	[{"added": {}}]	17	1
168	2023-12-11 15:15:43.591989+02	30	[A] Alexis Papadakis -> Eurobank	2	[{"changed": {"fields": ["Status"]}}]	17	1
169	2023-12-11 15:15:48.92527+02	41	[Eurobank] Alexis Papadakis	3		9	1
170	2023-12-11 15:16:59.69613+02	31	[P] Alexis Papadakis -> Eurobank	1	[{"added": {}}]	17	1
171	2023-12-11 15:17:05.302287+02	31	[A] Alexis Papadakis -> Eurobank	2	[{"changed": {"fields": ["Status"]}}]	17	1
172	2023-12-11 15:17:15.780798+02	31	[A] Alexis Papadakis -> Eurobank	3		17	1
173	2023-12-12 12:07:53.709758+02	3	Greece (Kentro 43 Chania)	1	[{"added": {}}]	1	1
174	2023-12-12 12:08:11.289771+02	3	TestCompany	1	[{"added": {}}]	7	1
175	2023-12-12 12:08:34.848242+02	7	petros@gmail.com	1	[{"added": {}}]	3	1
176	2023-12-12 12:08:54.40052+02	7	Petros Petrakis	1	[{"added": {}}]	4	1
177	2023-12-12 12:08:58.332923+02	32	[P] Petros Petrakis -> TestCompany	1	[{"added": {}}]	17	1
178	2023-12-12 12:09:02.477659+02	32	[A] Petros Petrakis -> TestCompany	2	[{"changed": {"fields": ["Status"]}}]	17	1
179	2023-12-12 12:09:12.666374+02	19	[TestCompany - Petros Petrakis] safsafsa	1	[{"added": {}}]	16	1
180	2023-12-12 12:11:00.92992+02	3	[TestCompany - safsafsa] liked by Petros Petrakis	1	[{"added": {}}]	18	1
181	2023-12-12 12:11:08.476888+02	3	TestCompany	3		7	1
182	2023-12-12 12:11:38.363619+02	20	[Eurobank - Christos Borakis] dsad	1	[{"added": {}}]	16	1
183	2023-12-12 12:11:44.814664+02	4	[Eurobank - dsad] liked by Christos Borakis	1	[{"added": {}}]	18	1
184	2023-12-12 12:11:48.834986+02	20	[Eurobank - Christos Borakis] dsad	3		16	1
185	2023-12-12 12:11:58.767353+02	21	[Telemarketing - George Papadakis] safsa	1	[{"added": {}}]	16	1
186	2023-12-12 12:12:08.710957+02	33	[A] Alexis Papadakis -> Telemarketing	1	[{"added": {}}]	17	1
187	2023-12-12 12:12:16.530375+02	34	[A] Petros Petrakis -> Eurobank	1	[{"added": {}}]	17	1
188	2023-12-12 12:20:14.288561+02	6	markos@gmail.com	3		3	1
189	2023-12-12 12:20:24.551662+02	8	test@gmail.com	1	[{"added": {}}]	3	1
190	2023-12-12 12:20:43.492166+02	8	Test Test	1	[{"added": {}}]	4	1
191	2023-12-12 12:21:03.282195+02	35	[A] Test Test -> Eurobank	1	[{"added": {}}]	17	1
192	2023-12-12 12:21:22.353623+02	22	[Eurobank - Test Test] test	1	[{"added": {}}]	16	1
193	2023-12-12 12:21:28.480133+02	5	[Eurobank - test] liked by Test Test	1	[{"added": {}}]	18	1
194	2023-12-12 12:21:35.615783+02	8	test@gmail.com	3		3	1
195	2023-12-12 12:46:53.368166+02	1	[Christos Borakis] First public post	1	[{"added": {}}]	19	1
196	2023-12-12 12:49:05.913562+02	1	[Christos Borakis - First public post] liked by Alexis Papadakis	1	[{"added": {}}]	20	1
197	2023-12-12 13:14:13.100732+02	1	[[Telemarketing] George Papadakis - safsa] comments [A] Alexis Papadakis -> Telemarketing "gdfgdf"	1	[{"added": {}}]	23	1
198	2023-12-12 13:15:43.229943+02	1	[Christos Borakis - First public post] comments Christos Borakis "great news"	1	[{"added": {}}]	24	1
199	2023-12-12 13:15:53.257213+02	2	[Christos Borakis - First public post] comments George Papadakis "cool"	1	[{"added": {}}]	24	1
200	2023-12-14 12:47:50.758665+02	1	[P] George Papadakis -> Alexis Papadakis	1	[{"added": {}}]	25	1
201	2023-12-14 12:48:22.413379+02	1	[P] George Papadakis -> Alexis Papadakis	2	[]	25	1
203	2023-12-14 12:49:29.628756+02	1	[P] George Papadakis -> Alexis Papadakis	3		25	1
204	2023-12-14 12:49:35.430525+02	2	[P] Christos Borakis -> Petros Petrakis	1	[{"added": {}}]	25	1
206	2023-12-14 12:53:55.017213+02	1	[P] George Papadakis -> Christos Borakis	1	[{"added": {}}]	25	1
207	2023-12-14 13:05:45.685765+02	1	[P] George Papadakis -> Christos Borakis	1	[{"added": {}}]	25	1
208	2023-12-14 13:05:51.639723+02	2	[P] George Papadakis -> Alexis Papadakis	1	[{"added": {}}]	25	1
209	2023-12-14 13:05:58.98524+02	3	[P] George Papadakis -> George Papadakis	1	[{"added": {}}]	25	1
210	2023-12-14 13:06:02.714329+02	3	[P] George Papadakis -> George Papadakis	3		25	1
211	2023-12-14 13:06:05.267999+02	2	[P] George Papadakis -> Alexis Papadakis	3		25	1
212	2023-12-14 13:06:07.324546+02	1	[P] George Papadakis -> Christos Borakis	3		25	1
214	2023-12-14 13:16:35.006718+02	5	[P] George Papadakis -> Christos Borakis	1	[{"added": {}}]	25	1
217	2023-12-15 13:19:12.201608+02	5	[P] George Papadakis -> Christos Borakis	3		25	1
218	2023-12-15 13:20:28.3591+02	6	[P] George Papadakis -> Christos Borakis	1	[{"added": {}}]	25	1
219	2023-12-15 13:20:34.981271+02	7	[P] Christos Borakis -> George Papadakis	1	[{"added": {}}]	25	1
220	2023-12-15 13:20:35.953286+02	1	[[P] George Papadakis -> Christos Borakis] friends with [P] Christos Borakis -> George Papadakis	1	[{"added": {}}]	26	1
221	2023-12-15 13:20:50.981464+02	1	[[P] George Papadakis -> Christos Borakis] friends with [P] Christos Borakis -> George Papadakis	3		26	1
222	2023-12-15 13:28:37.778652+02	1	[P] George Papadakis -> Christos Borakis	1	[{"added": {}}]	25	1
223	2023-12-15 13:28:42.944756+02	1	[A] George Papadakis -> Christos Borakis	2	[{"changed": {"fields": ["Status"]}}]	25	1
224	2023-12-15 13:28:59.460996+02	1	[George Papadakis] friends with Christos Borakis	1	[{"added": {}}]	26	1
225	2023-12-15 14:07:16.716175+02	1	[A] George Papadakis -> Christos Borakis	1	[{"added": {}}]	25	1
226	2023-12-15 14:07:36.542598+02	1	[George Papadakis] friends with Christos Borakis	1	[{"added": {}}]	26	1
227	2023-12-15 14:09:32.955362+02	1	[A] George Papadakis -> Christos Borakis	3		25	1
228	2023-12-15 14:09:36.94501+02	1	[George Papadakis] friends with Christos Borakis	3		26	1
229	2023-12-15 14:09:45.191675+02	2	[A] George Papadakis -> Christos Borakis	1	[{"added": {}}]	25	1
230	2023-12-15 14:12:42.078164+02	3	[Christos Borakis] friends with George Papadakis	3		26	1
231	2023-12-15 14:15:02.595593+02	2	[P] George Papadakis -> Christos Borakis	2	[{"changed": {"fields": ["Status"]}}]	25	1
232	2023-12-15 14:15:07.510423+02	2	[A] George Papadakis -> Christos Borakis	2	[{"changed": {"fields": ["Status"]}}]	25	1
233	2023-12-15 14:15:48.805067+02	5	[Christos Borakis] friends with George Papadakis	3		26	1
234	2023-12-15 14:15:53.061204+02	2	[P] George Papadakis -> Christos Borakis	2	[{"changed": {"fields": ["Status"]}}]	25	1
235	2023-12-15 14:15:57.425319+02	2	[A] George Papadakis -> Christos Borakis	2	[{"changed": {"fields": ["Status"]}}]	25	1
236	2023-12-16 14:43:18.879643+02	1	[[George Papadakis] friends with Christos Borakis->[Christos Borakis] friends with George Papadakis] Hi nice to meet u	1	[{"added": {}}]	27	1
237	2023-12-16 14:44:02.109818+02	2	[Christos Borakis->George Papadakis] hi me too	1	[{"added": {}}]	27	1
238	2023-12-16 14:44:28.49691+02	2	[Christos Borakis->Christos Borakis] hi me too	2	[{"changed": {"fields": ["Sender", "Receiver"]}}]	27	1
239	2023-12-16 14:44:51.470709+02	3	[A] Petros Petrakis -> Alexis Papadakis	1	[{"added": {}}]	25	1
240	2023-12-16 14:45:20.063676+02	3	[Petros Petrakis->Petros Petrakis] Hello enjoy your weekend my friend	1	[{"added": {}}]	27	1
241	2023-12-16 15:04:15.098488+02	4	[Petros Petrakis->Christos Borakis] good morning	1	[{"added": {}}]	27	1
242	2023-12-16 15:04:23.514335+02	5	[Christos Borakis->Petros Petrakis] hey	1	[{"added": {}}]	27	1
243	2023-12-16 15:06:38.833996+02	6	[Petros Petrakis->Christos Borakis] what's up	1	[{"added": {}}]	27	1
244	2023-12-16 15:11:33.876791+02	6	[Petros Petrakis->Christos Borakis] what's up	3		27	1
245	2023-12-16 15:11:36.331342+02	5	[Christos Borakis->Petros Petrakis] hey	3		27	1
246	2023-12-16 15:11:38.945928+02	4	[Petros Petrakis->Christos Borakis] good morning	3		27	1
247	2023-12-16 15:11:41.191433+02	3	[Petros Petrakis->Alexis Papadakis] Hello enjoy your weekend my friend	3		27	1
248	2023-12-16 15:11:43.981059+02	2	[Christos Borakis->George Papadakis] hi me too	3		27	1
249	2023-12-16 15:11:46.650658+02	1	[George Papadakis->Christos Borakis] Hi nice to meet u	3		27	1
250	2023-12-16 15:13:35.047015+02	7	[Christos Borakis->George Papadakis] hey	1	[{"added": {}}]	27	1
251	2023-12-16 15:13:44.98202+02	8	[Christos Borakis->George Papadakis] hi	1	[{"added": {}}]	27	1
252	2023-12-16 15:14:02.013337+02	9	[George Papadakis->Christos Borakis] whats up	1	[{"added": {}}]	27	1
253	2023-12-16 15:14:32.360396+02	4	[A] Alexis Papadakis -> Christos Borakis	1	[{"added": {}}]	25	1
254	2023-12-16 15:14:55.417386+02	10	[Christos Borakis->Alexis Papadakis] aaa	1	[{"added": {}}]	27	1
255	2023-12-16 15:15:04.162947+02	10	[Christos Borakis->Alexis Papadakis] aaa	3		27	1
256	2023-12-16 15:15:59.433387+02	11	[Christos Borakis->Alexis Papadakis] fdgdfgdf	1	[{"added": {}}]	27	1
257	2023-12-16 15:17:16.861257+02	12	[Alexis Papadakis->Christos Borakis] fdg	1	[{"added": {}}]	27	1
258	2023-12-16 15:18:17.300805+02	13	[Alexis Papadakis->Christos Borakis] dasda	1	[{"added": {}}]	27	1
259	2023-12-16 15:18:32.396194+02	13	[Alexis Papadakis->Christos Borakis] dasda	3		27	1
260	2023-12-16 15:18:35.009781+02	12	[Alexis Papadakis->Christos Borakis] fdg	3		27	1
261	2023-12-16 15:18:37.756398+02	11	[Christos Borakis->Alexis Papadakis] fdgdfgdf	3		27	1
262	2023-12-16 15:18:53.02875+02	14	[Alexis Papadakis->Christos Borakis] aaa	1	[{"added": {}}]	27	1
263	2023-12-16 15:18:57.695166+02	14	[Alexis Papadakis->Christos Borakis] aaa	3		27	1
264	2023-12-16 15:30:47.601098+02	15	[Alexis Papadakis->Christos Borakis] dsfsd	1	[{"added": {}}]	27	1
265	2023-12-16 15:30:50.968856+02	15	[Alexis Papadakis->Christos Borakis] dsfsd	3		27	1
266	2023-12-16 15:31:08.155365+02	16	[Alexis Papadakis->Christos Borakis] correct	1	[{"added": {}}]	27	1
267	2023-12-16 15:31:17.742174+02	17	[Alexis Papadakis->Christos Borakis] wrong	1	[{"added": {}}]	27	1
268	2023-12-16 15:31:23.574483+02	17	[Alexis Papadakis->Christos Borakis] wrong	3		27	1
269	2023-12-16 15:31:26.63517+02	16	[Alexis Papadakis->Christos Borakis] correct	3		27	1
270	2023-12-16 15:33:25.323843+02	18	[Alexis Papadakis->Christos Borakis] wrong	1	[{"added": {}}]	27	1
271	2023-12-16 15:33:34.387915+02	18	[Alexis Papadakis->Christos Borakis] wrong	2	[{"changed": {"fields": ["Receiver"]}}]	27	1
272	2023-12-16 15:39:28.261199+02	18	[Alexis Papadakis->Christos Borakis] wrong	2	[{"changed": {"fields": ["Receiver"]}}]	27	1
273	2023-12-16 15:39:40.144077+02	18	[Alexis Papadakis->Christos Borakis] right	2	[{"changed": {"fields": ["Receiver", "Message"]}}]	27	1
274	2023-12-16 15:39:46.801603+02	18	[Alexis Papadakis->Christos Borakis] right	2	[]	27	1
275	2023-12-16 15:39:55.271683+02	18	[Alexis Papadakis->Christos Borakis] wrong	2	[{"changed": {"fields": ["Receiver", "Message"]}}]	27	1
276	2023-12-16 15:40:49.189641+02	18	[Alexis Papadakis->Christos Borakis] right	2	[{"changed": {"fields": ["Receiver", "Message"]}}]	27	1
277	2023-12-19 14:11:26.653259+02	1	Group Chat[Eurobank | First eurobank group]	1	[{"added": {}}]	28	1
278	2023-12-19 14:13:10.465242+02	1	Group Chat[Eurobank | First eurobank group] admins by Christos Borakis	1	[{"added": {}}]	29	1
279	2023-12-19 14:13:48.365423+02	2	Group Chat[Eurobank | First eurobank group] member -> Christos Borakis	1	[{"added": {}}]	30	1
280	2023-12-19 14:13:52.604906+02	2	Group Chat[Eurobank | First eurobank group] member -> Christos Borakis	3		30	1
281	2023-12-19 14:13:58.935541+02	3	Group Chat[Eurobank | First eurobank group] member -> Petros Petrakis	1	[{"added": {}}]	30	1
282	2023-12-20 12:46:39.89689+02	1	[Telemarketing|Start up project of Telemarketing] 	1	[{"added": {}}]	32	1
283	2023-12-20 12:47:39.609475+02	1	[Telemarketing|Start up project of Telemarketing]  User Authentication	1	[{"added": {}}]	31	1
284	2023-12-20 12:47:58.405591+02	2	[Telemarketing|Start up project of Telemarketing]  Task Creation and Assignment	1	[{"added": {}}]	31	1
285	2023-12-20 12:54:08.474365+02	2	[Telemarketing|Start up project of Telemarketing]  Task Creation and Assignment	2	[{"changed": {"fields": ["File"]}}]	31	1
286	2023-12-20 12:55:08.849464+02	1	[Christos Borakis] First public post	2	[{"changed": {"fields": ["Image"]}}]	19	1
287	2023-12-20 12:55:25.949449+02	21	[Telemarketing - George Papadakis] safsa	2	[{"changed": {"fields": ["Image"]}}]	16	1
288	2023-12-20 12:56:44.33743+02	21	[Telemarketing - George Papadakis] safsa	2	[{"changed": {"fields": ["Image"]}}]	16	1
289	2023-12-20 12:56:49.25255+02	21	[Telemarketing - George Papadakis] safsa	2	[{"changed": {"fields": ["Image"]}}]	16	1
290	2023-12-20 12:56:54.835571+02	1	[Christos Borakis] First public post	2	[{"changed": {"fields": ["Image"]}}]	19	1
291	2023-12-20 12:56:59.340956+02	1	[Christos Borakis] First public post	2	[{"changed": {"fields": ["Image"]}}]	19	1
292	2023-12-20 12:57:31.952322+02	2	[Telemarketing|Start up project of Telemarketing]  Task Creation and Assignment	2	[{"changed": {"fields": ["File"]}}]	31	1
293	2023-12-20 12:57:37.79219+02	1	[Telemarketing|Start up project of Telemarketing]  User Authentication	2	[{"changed": {"fields": ["File"]}}]	31	1
294	2023-12-20 12:58:41.050159+02	2	[Eurobank|Online Learning Platform] 	1	[{"added": {}}]	32	1
295	2023-12-20 12:59:01.173029+02	3	[Eurobank|Online Learning Platform]  Instructor Dashboard	1	[{"added": {}}]	31	1
296	2023-12-20 12:59:19.458329+02	3	[Eurobank|Online Learning Platform]  Instructor Dashboard	2	[{"changed": {"fields": ["File"]}}]	31	1
297	2023-12-20 13:26:12.407088+02	21	[Telemarketing - George Papadakis] safsa	2	[{"changed": {"fields": ["Image"]}}]	16	1
298	2023-12-20 13:26:29.986705+02	21	[Telemarketing - George Papadakis] safsa	2	[{"changed": {"fields": ["Image"]}}]	16	1
299	2023-12-20 13:26:35.725729+02	1	[Christos Borakis] First public post	2	[{"changed": {"fields": ["Image"]}}]	19	1
300	2023-12-20 13:26:41.759594+02	1	[Christos Borakis] First public post	2	[{"changed": {"fields": ["Image"]}}]	19	1
301	2023-12-20 13:26:49.893388+02	3	[Eurobank|Online Learning Platform]  Instructor Dashboard	2	[{"changed": {"fields": ["File"]}}]	31	1
302	2023-12-20 13:26:56.97238+02	3	[Eurobank|Online Learning Platform]  Instructor Dashboard	2	[{"changed": {"fields": ["File"]}}]	31	1
303	2023-12-20 13:27:04.576822+02	2	[Telemarketing|Start up project of Telemarketing]  Task Creation and Assignment	2	[{"changed": {"fields": ["File"]}}]	31	1
304	2023-12-20 13:27:07.980337+02	1	[Telemarketing|Start up project of Telemarketing]  User Authentication	2	[{"changed": {"fields": ["File"]}}]	31	1
305	2023-12-20 13:27:17.28368+02	1	[Telemarketing|Start up project of Telemarketing]  User Authentication	2	[{"changed": {"fields": ["File"]}}]	31	1
306	2023-12-20 13:28:28.29595+02	1	[Christos Borakis] First public post	2	[{"changed": {"fields": ["Image"]}}]	19	1
307	2023-12-20 13:28:36.413003+02	1	[Christos Borakis] First public post	2	[{"changed": {"fields": ["Image"]}}]	19	1
308	2023-12-20 13:30:19.14236+02	1	[Christos Borakis] First public post	2	[{"changed": {"fields": ["Image"]}}]	19	1
309	2023-12-20 13:30:25.861615+02	1	[Christos Borakis] First public post	2	[{"changed": {"fields": ["Image"]}}]	19	1
310	2023-12-20 13:31:00.387843+02	1	[Christos Borakis] First public post	2	[{"changed": {"fields": ["Image"]}}]	19	1
311	2023-12-20 13:31:05.384564+02	1	[Christos Borakis] First public post	2	[{"changed": {"fields": ["Image"]}}]	19	1
312	2023-12-20 13:31:18.525471+02	1	[Christos Borakis] First public post	2	[{"changed": {"fields": ["Image"]}}]	19	1
313	2023-12-20 13:31:22.7749+02	1	[Christos Borakis] First public post	2	[{"changed": {"fields": ["Image"]}}]	19	1
314	2023-12-20 13:32:10.501469+02	1	[Christos Borakis] First public post	2	[{"changed": {"fields": ["Image"]}}]	19	1
315	2023-12-20 13:32:14.757876+02	1	[Christos Borakis] First public post	2	[{"changed": {"fields": ["Image"]}}]	19	1
316	2023-12-20 13:32:49.398619+02	2	[Alexis Papadakis] Merry XMAS	1	[{"added": {}}]	19	1
317	2023-12-20 13:52:17.995304+02	1	Christos Borakis -> [Eurobank|Online Learning Platform]  Instructor Dashboard	1	[{"added": {}}]	33	1
318	2023-12-21 13:29:21.252333+02	1	[Eurobank|Online Learning Platform]  admins by Christos Borakis	1	[{"added": {}}]	34	1
319	2023-12-21 13:29:32.871101+02	1	[Eurobank|Online Learning Platform]  admins by Christos Borakis	3		34	1
320	2023-12-21 13:29:37.434135+02	2	[Eurobank|Online Learning Platform]  admins by Petros Petrakis	1	[{"added": {}}]	34	1
321	2023-12-21 13:29:53.461399+02	1	Christos Borakis -> [Eurobank|Online Learning Platform]  Instructor Dashboard	1	[{"added": {}}]	33	1
322	2023-12-21 13:30:11.533648+02	2	Christos Borakis -> [Eurobank|Online Learning Platform]  Instructor Dashboard	1	[{"added": {}}]	33	1
323	2023-12-21 13:30:17.743069+02	1	Christos Borakis -> [Eurobank|Online Learning Platform]  Instructor Dashboard	3		33	1
324	2023-12-21 13:30:38.111695+02	3	Petros Petrakis -> [Eurobank|Online Learning Platform]  Instructor Dashboard	1	[{"added": {}}]	33	1
325	2023-12-21 13:33:32.644516+02	3	[Eurobank|Online Learning Platform] 	1	[{"added": {}}]	32	1
326	2023-12-21 13:33:39.987889+02	3	[Eurobank|Online Learning Platform] 	3		32	1
327	2023-12-21 13:49:05.940714+02	4	George Papadakis -> [Telemarketing|Start up project of Telemarketing]  User Authentication	1	[{"added": {}}]	33	1
328	2023-12-21 13:49:19.640335+02	5	Alexis Papadakis -> [Telemarketing|Start up project of Telemarketing]  User Authentication	1	[{"added": {}}]	33	1
329	2023-12-21 13:49:29.638247+02	3	Petros Petrakis -> [Eurobank|Online Learning Platform]  Instructor Dashboard	3		33	1
330	2023-12-21 13:49:32.639927+02	5	Alexis Papadakis -> [Telemarketing|Start up project of Telemarketing]  User Authentication	3		33	1
331	2023-12-21 13:50:00.661143+02	6	Alexis Papadakis -> [Telemarketing|Start up project of Telemarketing]  User Authentication	1	[{"added": {}}]	33	1
332	2023-12-21 13:52:22.640048+02	6	Alexis Papadakis -> [Telemarketing|Start up project of Telemarketing]  User Authentication	3		33	1
333	2023-12-26 16:02:34.775398+02	21	[Telemarketing - George Papadakis] First Post	2	[{"changed": {"fields": ["Title", "Body"]}}]	16	1
334	2023-12-26 16:04:50.944949+02	9	dimitra@gmail.com	1	[{"added": {}}]	3	1
335	2023-12-26 16:05:20.298031+02	9	Dimitra Iwannou	1	[{"added": {}}]	4	1
336	2023-12-26 16:16:50.902213+02	4	Greece (Ermou 38 Athens)	1	[{"added": {}}]	1	1
337	2023-12-26 16:34:20.329444+02	4	TechVerse Solutions	1	[{"added": {}}]	7	1
338	2023-12-26 16:34:36.528441+02	36	[A] Dimitra Iwannou -> TechVerse Solutions	1	[{"added": {}}]	17	1
339	2023-12-26 16:35:47.055748+02	23	[TechVerse Solutions - Dimitra Iwannou] New member	1	[{"added": {}}]	16	1
340	2023-12-26 16:36:07.598141+02	6	[TechVerse Solutions - New member] liked by Dimitra Iwannou	1	[{"added": {}}]	21	1
341	2023-12-26 16:36:28.724527+02	1	[[Telemarketing] George Papadakis - First Post] comments Alexis Papadakis "Great"	2	[{"changed": {"fields": ["Comment"]}}]	23	1
342	2023-12-26 16:36:47.18827+02	2	[[TechVerse Solutions] Dimitra Iwannou - New member] comments Dimitra Iwannou "!!!"	1	[{"added": {}}]	23	1
343	2023-12-26 17:17:18.001003+02	2	Group Chat[Telemarketing | New Project]	1	[{"added": {}}]	28	1
344	2023-12-26 17:17:32.486287+02	4	Group Chat[Telemarketing | New Project] member -> George Papadakis	1	[{"added": {}}]	30	1
345	2023-12-26 17:17:38.572665+02	5	Group Chat[Telemarketing | New Project] member -> George Papadakis	1	[{"added": {}}]	30	1
346	2023-12-26 17:18:28.08286+02	5	Group Chat[Telemarketing | New Project] member -> George Papadakis	3		30	1
347	2023-12-26 17:18:36.394742+02	6	Group Chat[Telemarketing | New Project] member -> Alexis Papadakis	1	[{"added": {}}]	30	1
348	2023-12-26 17:27:15.447674+02	1	Group Chat[Eurobank | First eurobank group] Group Chat[Eurobank | First eurobank group] member -> Christos Borakis -> dsdsfs	1	[{"added": {}}]	35	1
349	2023-12-26 17:31:26.705113+02	1	2023-12-26 [Eurobank | First eurobank group] -> Christos Borakis-> dsdsfs	3		35	1
350	2023-12-26 17:32:38.418471+02	2	2023-12-26 15:32:38.369460+00:00 [Eurobank | First eurobank group] -> Christos Borakis-> Hello everyone	1	[{"added": {}}]	35	1
351	2023-12-26 17:44:21.933318+02	3	2023-12-26 15:44:21.916314+00:00 [Eurobank | First eurobank group] -> Petros Petrakis-> Hello guys!!	1	[{"added": {}}]	35	1
352	2023-12-26 17:45:00.050557+02	3	2023-12-26 [Eurobank | First eurobank group] -> Petros Petrakis-> Hello guys!!	3		35	1
353	2023-12-26 17:45:10.818785+02	4	2023-12-26 15:45:10.809783+00:00 [Eurobank | First eurobank group] -> Petros Petrakis-> Helo guys	1	[{"added": {}}]	35	1
354	2023-12-26 17:46:21.754394+02	2	2023-12-26 [Eurobank | First eurobank group] -> Christos Borakis-> Hello everyone	3		35	1
355	2023-12-26 17:46:24.835093+02	4	2023-12-26 [Eurobank | First eurobank group] -> Petros Petrakis-> Helo guys	3		35	1
356	2023-12-26 17:46:50.267853+02	5	2023-12-26 15:46:50.256851+00:00 [Eurobank | First eurobank group] -> Christos Borakis-> hi	1	[{"added": {}}]	35	1
357	2023-12-26 17:51:31.635289+02	5	2023-12-26 15:51:31.624286+00:00 [Eurobank | First eurobank group] -> Christos Borakis-> hi	2	[]	35	1
358	2023-12-26 17:52:29.151079+02	18	[Alexis Papadakis->Christos Borakis] right	3		27	1
359	2023-12-26 17:52:31.860692+02	9	[George Papadakis->Christos Borakis] whats up	3		27	1
360	2023-12-26 17:52:33.977175+02	8	[Christos Borakis->George Papadakis] hi	3		27	1
361	2023-12-26 17:52:36.148667+02	7	[Christos Borakis->George Papadakis] hey	3		27	1
362	2023-12-26 17:53:25.130144+02	19	[George Papadakis->Christos Borakis] Hey	1	[{"added": {}}]	27	1
363	2023-12-26 17:53:33.835184+02	20	[Christos Borakis->George Papadakis] Hello friend	1	[{"added": {}}]	27	1
364	2023-12-26 17:56:22.744705+02	21	2023-12-26 15:56:22.742704+00:00[Christos Borakis->Alexis Papadakis] HEY THANKS FOR THE ACCEPT	1	[{"added": {}}]	27	1
365	2023-12-26 17:57:23.771411+02	6	2023-12-26 15:57:23.761409+00:00 [Eurobank | First eurobank group] -> Petros Petrakis-> Hello team!!!	1	[{"added": {}}]	35	1
366	2023-12-26 17:57:39.271232+02	7	2023-12-26 15:57:39.261229+00:00 [Telemarketing | New Project] -> George Papadakis-> Im so anxious about the new project...	1	[{"added": {}}]	35	1
367	2023-12-26 17:57:47.059066+02	8	2023-12-26 15:57:47.051064+00:00 [Telemarketing | New Project] -> Alexis Papadakis-> Yes me too	1	[{"added": {}}]	35	1
368	2023-12-26 17:58:01.168793+02	9	2023-12-26 15:58:01.159791+00:00 [Telemarketing | New Project] -> George Papadakis-> it sounds difficult	1	[{"added": {}}]	35	1
369	2023-12-27 13:01:06.794289+02	4	TechVerse Solutions	2	[{"changed": {"fields": ["Image"]}}]	7	1
370	2023-12-27 13:09:26.371111+02	25	[Eurobank] Christos Borakis	2	[{"changed": {"fields": ["Is admin"]}}]	9	1
371	2023-12-27 13:10:51.698446+02	3	[Telemarketing | Challenges of Remote Project Management]	1	[{"added": {}}]	36	1
372	2023-12-27 13:11:03.130735+02	4	[TechVerse Solutions | Sustainable IT Project Developmen]	1	[{"added": {}}]	36	1
373	2023-12-27 13:11:18.380873+02	5	[Eurobank | Big Data Analytics]	1	[{"added": {}}]	36	1
374	2023-12-27 13:39:20.13472+02	7	[Telemarketing - First Post] liked by Alexis Papadakis	1	[{"added": {}}]	21	1
375	2023-12-27 13:40:44.359751+02	2	[Alexis Papadakis - Merry XMAS] liked by George Papadakis	1	[{"added": {}}]	22	1
376	2023-12-27 13:40:49.999853+02	3	[Alexis Papadakis - Merry XMAS] liked by Christos Borakis	1	[{"added": {}}]	22	1
377	2023-12-27 13:40:53.427115+02	4	[Alexis Papadakis - Merry XMAS] liked by Dimitra Iwannou	1	[{"added": {}}]	22	1
378	2023-12-27 15:03:52.40825+02	2	George Papadakis Harvard University	1	[{"added": {}}]	5	1
379	2023-12-27 15:04:16.447726+02	3	Alexis Papadakis University of Oxford	1	[{"added": {}}]	5	1
380	2023-12-27 15:04:30.939867+02	4	Petros Petrakis Stanford University	1	[{"added": {}}]	5	1
381	2023-12-27 15:04:49.352145+02	5	Dimitra Iwannou ETH Zurich (Swiss Federal Institute of Technology)	1	[{"added": {}}]	5	1
382	2023-12-27 15:05:06.022268+02	6	Christos Borakis ETH Zurich (Swiss Federal Institute of Technology)	1	[{"added": {}}]	5	1
383	2023-12-27 15:05:44.968799+02	6	Christos Borakis ETH Zurich (Swiss Federal Institute of Technology)	2	[{"changed": {"fields": ["Graduation"]}}]	5	1
384	2023-12-27 15:07:47.481224+02	2	Alexis Papadakis 16   	1	[{"added": {}}]	6	1
385	2023-12-27 15:09:04.516731+02	10	RodriguezEmily@gmail.com	1	[{"added": {}}]	3	1
386	2023-12-27 15:10:16.30615+02	10	Emily Rodriguez	1	[{"added": {}}]	4	1
387	2023-12-27 15:10:32.330456+02	11	AlexanderPatel@yahoo.com	1	[{"added": {}}]	3	1
388	2023-12-27 15:10:51.509334+02	11	Alexander Patel	1	[{"added": {}}]	4	1
389	2023-12-27 15:11:02.72862+02	12	SofiaChang@gmail.com	1	[{"added": {}}]	3	1
390	2023-12-27 15:11:24.267738+02	12	Sofia Chang	1	[{"added": {}}]	4	1
391	2023-12-27 15:11:35.344676+02	13	JavierFernandez@gmail.com	1	[{"added": {}}]	3	1
392	2023-12-27 15:11:53.53737+02	13	Javier Fernandez	1	[{"added": {}}]	4	1
393	2023-12-27 15:12:19.485042+02	14	AishaKhan@gmail.com	1	[{"added": {}}]	3	1
394	2023-12-27 15:12:38.811474+02	14	Aisha Khan	1	[{"added": {}}]	4	1
395	2023-12-27 15:16:10.069629+02	7	Emily Rodriguez Stanford University	1	[{"added": {}}]	5	1
396	2023-12-27 15:16:21.730552+02	8	Alexander Patel Harvard University	1	[{"added": {}}]	5	1
397	2023-12-27 15:16:38.103143+02	9	Sofia Chang Massachusetts Institute of Technology (MIT)	1	[{"added": {}}]	5	1
398	2023-12-27 15:17:08.924074+02	10	Javier Fernandez University of Oxford	1	[{"added": {}}]	5	1
399	2023-12-27 15:17:31.475404+02	11	Aisha Khan Massachusetts Institute of Technology (MIT)	1	[{"added": {}}]	5	1
400	2023-12-27 15:19:30.231402+02	5	USA (123 Innovation Avenue Anytown)	1	[{"added": {}}]	1	1
401	2023-12-27 15:20:38.127331+02	5	Tech Solutions Inc.	1	[{"added": {}}]	7	1
402	2023-12-27 15:21:00.30374+02	6	USA (789 Biomed Plaza Anytown)	1	[{"added": {}}]	1	1
403	2023-12-27 15:21:23.354809+02	6	BioHealth Pharmaceuticals	1	[{"added": {}}]	7	1
404	2023-12-27 15:21:59.551572+02	7	Greece (23 Dionysiou Street Athens)	1	[{"added": {}}]	1	1
405	2023-12-27 15:22:17.100506+02	7	Olympus Software Solutions SA	1	[{"added": {}}]	7	1
406	2023-12-27 15:22:49.750413+02	37	[A] Emily Rodriguez -> Tech Solutions Inc.	1	[{"added": {}}]	17	1
407	2023-12-27 15:22:54.255624+02	38	[P] Alexander Patel -> Tech Solutions Inc.	1	[{"added": {}}]	17	1
408	2023-12-27 15:23:00.911074+02	39	[A] Sofia Chang -> BioHealth Pharmaceuticals	1	[{"added": {}}]	17	1
409	2023-12-27 15:23:07.081379+02	40	[A] Aisha Khan -> BioHealth Pharmaceuticals	1	[{"added": {}}]	17	1
410	2023-12-27 15:23:27.135946+02	50	[BioHealth Pharmaceuticals] Aisha Khan	2	[{"changed": {"fields": ["Is admin"]}}]	9	1
411	2023-12-27 15:24:10.772797+02	44	[Telemarketing] Alexis Papadakis	2	[{"changed": {"fields": ["Is admin"]}}]	9	1
412	2023-12-27 15:24:17.171516+02	48	[Tech Solutions Inc.] Emily Rodriguez	2	[{"changed": {"fields": ["Is admin"]}}]	9	1
413	2023-12-27 15:24:20.899366+02	47	[TechVerse Solutions] Dimitra Iwannou	2	[{"changed": {"fields": ["Is admin"]}}]	9	1
414	2023-12-27 15:24:30.818625+02	12	[Christos Borakis] friends with Petros Petrakis	1	[{"added": {}}]	26	1
415	2023-12-27 15:24:33.587256+02	13	[Alexander Patel] friends with Sofia Chang	1	[{"added": {}}]	26	1
416	2023-12-27 15:24:35.728746+02	14	[Alexander Patel] friends with Alexis Papadakis	1	[{"added": {}}]	26	1
417	2023-12-27 15:24:38.068279+02	15	[Dimitra Iwannou] friends with Javier Fernandez	1	[{"added": {}}]	26	1
418	2023-12-27 15:24:40.405811+02	16	[Javier Fernandez] friends with Aisha Khan	1	[{"added": {}}]	26	1
419	2023-12-27 15:24:42.68533+02	17	[George Papadakis] friends with Dimitra Iwannou	1	[{"added": {}}]	26	1
420	2023-12-27 15:24:44.967851+02	18	[Emily Rodriguez] friends with Sofia Chang	1	[{"added": {}}]	26	1
421	2023-12-27 15:25:37.879027+02	18	[Emily Rodriguez] friends with Sofia Chang	3		26	1
422	2023-12-27 15:25:37.882028+02	17	[George Papadakis] friends with Dimitra Iwannou	3		26	1
423	2023-12-27 15:25:37.882028+02	16	[Javier Fernandez] friends with Aisha Khan	3		26	1
424	2023-12-27 15:25:37.883028+02	15	[Dimitra Iwannou] friends with Javier Fernandez	3		26	1
425	2023-12-27 15:25:37.883028+02	14	[Alexander Patel] friends with Alexis Papadakis	3		26	1
426	2023-12-27 15:25:37.884027+02	13	[Alexander Patel] friends with Sofia Chang	3		26	1
427	2023-12-27 15:25:37.884027+02	12	[Christos Borakis] friends with Petros Petrakis	3		26	1
428	2023-12-27 15:25:37.885028+02	11	[Christos Borakis] friends with Alexis Papadakis	3		26	1
429	2023-12-27 15:25:37.885028+02	10	[Alexis Papadakis] friends with Christos Borakis	3		26	1
430	2023-12-27 15:25:37.886028+02	9	[Alexis Papadakis] friends with Petros Petrakis	3		26	1
431	2023-12-27 15:25:37.886028+02	8	[Petros Petrakis] friends with Alexis Papadakis	3		26	1
432	2023-12-27 15:25:37.887029+02	7	[Christos Borakis] friends with George Papadakis	3		26	1
433	2023-12-27 15:25:37.887029+02	6	[George Papadakis] friends with Christos Borakis	3		26	1
434	2023-12-27 15:25:46.01488+02	5	[A] Dimitra Iwannou -> Alexis Papadakis	1	[{"added": {}}]	25	1
435	2023-12-27 15:25:49.280627+02	6	[A] Dimitra Iwannou -> Christos Borakis	1	[{"added": {}}]	25	1
436	2023-12-27 15:25:52.2373+02	7	[A] Javier Fernandez -> Alexis Papadakis	1	[{"added": {}}]	25	1
437	2023-12-27 15:25:58.347692+02	8	[A] Javier Fernandez -> Petros Petrakis	1	[{"added": {}}]	25	1
438	2023-12-27 15:26:02.24458+02	9	[A] Aisha Khan -> Javier Fernandez	1	[{"added": {}}]	25	1
439	2023-12-27 15:26:05.865404+02	10	[A] Alexander Patel -> Petros Petrakis	1	[{"added": {}}]	25	1
440	2023-12-27 15:26:08.931103+02	11	[A] Petros Petrakis -> Aisha Khan	1	[{"added": {}}]	25	1
441	2023-12-27 15:26:12.91701+02	12	[A] Javier Fernandez -> Dimitra Iwannou	1	[{"added": {}}]	25	1
442	2023-12-27 15:26:55.031477+02	13	[P] Sofia Chang -> George Papadakis	1	[{"added": {}}]	25	1
443	2023-12-27 15:26:58.670943+02	14	[A] Christos Borakis -> Emily Rodriguez	1	[{"added": {}}]	25	1
444	2023-12-27 15:27:03.164659+02	15	[A] Sofia Chang -> Dimitra Iwannou	1	[{"added": {}}]	25	1
445	2023-12-27 15:27:06.28337+02	16	[A] George Papadakis -> Petros Petrakis	1	[{"added": {}}]	25	1
446	2023-12-27 15:28:25.75046+02	13	[A] Sofia Chang -> George Papadakis	2	[{"changed": {"fields": ["Status"]}}]	25	1
447	2023-12-27 15:31:06.299386+02	24	[Eurobank - Christos Borakis] Welcome New Hires!	1	[{"added": {}}]	16	1
448	2023-12-27 15:31:18.318187+02	25	[Telemarketing - George Papadakis] Company Event Reminder: Town Hall Meeting	1	[{"added": {}}]	16	1
449	2023-12-27 15:31:26.314008+02	26	[Eurobank - Petros Petrakis] Volunteer Opportunity: Community Cleanup Day	1	[{"added": {}}]	16	1
450	2023-12-27 15:31:40.165688+02	27	[BioHealth Pharmaceuticals - Aisha Khan] Employee Spotlight: Meet [Employee Name]	1	[{"added": {}}]	16	1
451	2023-12-27 15:31:48.326644+02	28	[TechVerse Solutions - Dimitra Iwannou] Tech Tips Tuesday: Cybersecurity Best Practices	1	[{"added": {}}]	16	1
452	2023-12-27 15:31:55.545599+02	29	[Telemarketing - Alexis Papadakis] Company Wellness Program: Yoga Sessions	1	[{"added": {}}]	16	1
453	2023-12-27 15:32:05.700913+02	30	[BioHealth Pharmaceuticals - Sofia Chang] Call for Ideas: Office Redesign Project	1	[{"added": {}}]	16	1
454	2023-12-27 15:32:14.183846+02	31	[Tech Solutions Inc. - Emily Rodriguez] Professional Development Opportunities	1	[{"added": {}}]	16	1
455	2023-12-27 15:32:22.638346+02	32	[Eurobank - Christos Borakis] Congratulations [Employee Name] on Work Anniversary!	1	[{"added": {}}]	16	1
456	2023-12-27 15:32:40.10066+02	33	[BioHealth Pharmaceuticals - Sofia Chang] Upcoming Holiday Schedule Reminder	1	[{"added": {}}]	16	1
457	2023-12-27 15:34:28.289748+02	3	[[Telemarketing] George Papadakis - First Post] comments Alexis Papadakis "Great initiative! Looking forward to seeing the positive impact."	1	[{"added": {}}]	23	1
458	2023-12-27 15:34:39.353728+02	4	[[Telemarketing] George Papadakis - First Post] comments Alexis Papadakis "Thanks for organizing! I'll be there to lend a hand."	1	[{"added": {}}]	23	1
459	2023-12-27 15:34:47.427762+02	5	[[Eurobank] Christos Borakis - Welcome New Hires!] comments Petros Petrakis "Congratulations! Well deserved!"	1	[{"added": {}}]	23	1
460	2023-12-27 15:34:57.544251+02	6	[[Telemarketing] George Papadakis - Company Event Reminder: Town Hall Meeting] comments Alexis Papadakis "What an inspiring story! Thanks for sharing."	1	[{"added": {}}]	23	1
461	2023-12-27 15:35:06.37695+02	7	[[Eurobank] Petros Petrakis - Volunteer Opportunity: Community Cleanup Day] comments Christos Borakis "Fantastic work! Keep it up!"	1	[{"added": {}}]	23	1
462	2023-12-27 15:35:16.012145+02	8	[[Eurobank] Petros Petrakis - Volunteer Opportunity: Community Cleanup Day] comments Christos Borakis "I'm interested! How can I sign up?"	1	[{"added": {}}]	23	1
463	2023-12-27 15:35:28.300096+02	9	[[TechVerse Solutions] Dimitra Iwannou - Tech Tips Tuesday: Cybersecurity Best Practices] comments Dimitra Iwannou "Impressive achievement! Kudos to the team"	1	[{"added": {}}]	23	1
464	2023-12-27 15:36:17.81734+02	10	[[BioHealth Pharmaceuticals] Sofia Chang - Upcoming Holiday Schedule Reminder] comments Sofia Chang ""This is awesome news! Can't wait to attend.""	1	[{"added": {}}]	23	1
465	2023-12-27 15:36:28.149856+02	11	[[Eurobank] Christos Borakis - Congratulations [Employee Name] on Work Anniversary!] comments Petros Petrakis "Wishing everyone a productive meeting!"	1	[{"added": {}}]	23	1
466	2023-12-27 15:36:39.74457+02	12	[[BioHealth Pharmaceuticals] Sofia Chang - Upcoming Holiday Schedule Reminder] comments Aisha Khan "Count me in! Excited for the event."	1	[{"added": {}}]	23	1
467	2023-12-27 15:37:09.574913+02	8	[Telemarketing - Company Event Reminder: Town Hall Meeting] liked by George Papadakis	1	[{"added": {}}]	21	1
468	2023-12-27 15:37:14.337999+02	9	[Telemarketing - First Post] liked by George Papadakis	1	[{"added": {}}]	21	1
469	2023-12-27 15:37:34.539809+02	10	[Eurobank - Welcome New Hires!] liked by Christos Borakis	1	[{"added": {}}]	21	1
470	2023-12-27 15:37:40.337131+02	11	[Telemarketing - Company Event Reminder: Town Hall Meeting] liked by Alexis Papadakis	1	[{"added": {}}]	21	1
471	2023-12-27 15:37:51.167994+02	12	[Eurobank - Volunteer Opportunity: Community Cleanup Day] liked by Christos Borakis	1	[{"added": {}}]	21	1
472	2023-12-27 15:37:54.597846+02	13	[Eurobank - Volunteer Opportunity: Community Cleanup Day] liked by Petros Petrakis	1	[{"added": {}}]	21	1
473	2023-12-27 15:37:58.686481+02	14	[BioHealth Pharmaceuticals - Employee Spotlight: Meet [Employee Name]] liked by Aisha Khan	1	[{"added": {}}]	21	1
474	2023-12-27 15:38:07.067355+02	15	[BioHealth Pharmaceuticals - Employee Spotlight: Meet [Employee Name]] liked by Sofia Chang	1	[{"added": {}}]	21	1
475	2023-12-27 15:38:13.484817+02	16	[TechVerse Solutions - Tech Tips Tuesday: Cybersecurity Best Practices] liked by Dimitra Iwannou	1	[{"added": {}}]	21	1
476	2023-12-27 15:38:17.220669+02	17	[Telemarketing - Company Wellness Program: Yoga Sessions] liked by George Papadakis	1	[{"added": {}}]	21	1
477	2023-12-27 15:38:21.541515+02	18	[BioHealth Pharmaceuticals - Call for Ideas: Office Redesign Project] liked by Aisha Khan	1	[{"added": {}}]	21	1
478	2023-12-27 15:38:26.623672+02	19	[Tech Solutions Inc. - Professional Development Opportunities] liked by Emily Rodriguez	1	[{"added": {}}]	21	1
479	2023-12-27 15:38:29.488326+02	20	[Eurobank - Congratulations [Employee Name] on Work Anniversary!] liked by Petros Petrakis	1	[{"added": {}}]	21	1
480	2023-12-27 15:38:32.80408+02	21	[Eurobank - Congratulations [Employee Name] on Work Anniversary!] liked by Christos Borakis	1	[{"added": {}}]	21	1
481	2023-12-27 15:38:36.591541+02	22	[BioHealth Pharmaceuticals - Upcoming Holiday Schedule Reminder] liked by Aisha Khan	1	[{"added": {}}]	21	1
482	2023-12-27 15:39:58.89502+02	3	[Christos Borakis] "Upcoming Seminar on Financial Planning	1	[{"added": {}}]	19	1
483	2023-12-27 15:40:06.22369+02	4	[Dimitra Iwannou] Tech Talk: Exploring AI and its Impact	1	[{"added": {}}]	19	1
484	2023-12-27 15:40:15.672571+02	5	[Alexander Patel] Team Building Day at the Beach!	1	[{"added": {}}]	19	1
485	2023-12-27 15:40:26.921913+02	6	[Sofia Chang] Volunteer Opportunity: Community Cleanup Drive	1	[{"added": {}}]	19	1
486	2023-12-27 15:40:33.801481+02	7	[Javier Fernandez] Healthy Living Workshop: Mindfulness and Stress Management	1	[{"added": {}}]	19	1
487	2023-12-27 15:41:12.579086+02	5	[Christos Borakis - "Upcoming Seminar on Financial Planning] liked by Alexis Papadakis	1	[{"added": {}}]	22	1
488	2023-12-27 15:41:15.661789+02	6	[Christos Borakis - "Upcoming Seminar on Financial Planning] liked by George Papadakis	1	[{"added": {}}]	22	1
489	2023-12-27 15:41:18.859517+02	7	[Dimitra Iwannou - Tech Talk: Exploring AI and its Impact] liked by Alexander Patel	1	[{"added": {}}]	22	1
490	2023-12-27 15:41:21.975231+02	8	[Sofia Chang - Volunteer Opportunity: Community Cleanup Drive] liked by Emily Rodriguez	1	[{"added": {}}]	22	1
491	2023-12-27 15:41:24.584825+02	9	[Sofia Chang - Volunteer Opportunity: Community Cleanup Drive] liked by Javier Fernandez	1	[{"added": {}}]	22	1
492	2023-12-27 15:41:27.299444+02	10	[Javier Fernandez - Healthy Living Workshop: Mindfulness and Stress Management] liked by Petros Petrakis	1	[{"added": {}}]	22	1
493	2023-12-27 15:41:29.763005+02	11	[Alexander Patel - Team Building Day at the Beach!] liked by Emily Rodriguez	1	[{"added": {}}]	22	1
494	2023-12-27 15:41:32.278577+02	12	[Dimitra Iwannou - Tech Talk: Exploring AI and its Impact] liked by Aisha Khan	1	[{"added": {}}]	22	1
495	2023-12-27 15:41:34.897173+02	13	[Christos Borakis - "Upcoming Seminar on Financial Planning] liked by Aisha Khan	1	[{"added": {}}]	22	1
496	2023-12-27 15:41:36.978648+02	14	[Sofia Chang - Volunteer Opportunity: Community Cleanup Drive] liked by Christos Borakis	1	[{"added": {}}]	22	1
497	2023-12-27 15:41:42.050803+02	15	[Dimitra Iwannou - Tech Talk: Exploring AI and its Impact] liked by Dimitra Iwannou	1	[{"added": {}}]	22	1
498	2023-12-27 15:42:17.060876+02	3	[Christos Borakis - "Upcoming Seminar on Financial Planning] comments Alexis Papadakis "Great insight! Looking forward to more discussions on this topic."	1	[{"added": {}}]	24	1
499	2023-12-27 15:42:21.929986+02	4	[Alexander Patel - Team Building Day at the Beach!] comments Dimitra Iwannou ""I completely agree with your point. Well said!""	1	[{"added": {}}]	24	1
500	2023-12-27 15:42:26.86411+02	5	[Sofia Chang - Volunteer Opportunity: Community Cleanup Drive] comments Emily Rodriguez ""This post resonates with my experience. Thanks for sharing!""	1	[{"added": {}}]	24	1
501	2023-12-27 15:42:32.567408+02	6	[Sofia Chang - Volunteer Opportunity: Community Cleanup Drive] comments Sofia Chang ""Could you elaborate more on this? I'd love to hear your thoughts.""	1	[{"added": {}}]	24	1
502	2023-12-27 15:42:42.408707+02	7	[Javier Fernandez - Healthy Living Workshop: Mindfulness and Stress Management] comments Sofia Chang "Kudos to the team for organizing such an amazing event!"	1	[{"added": {}}]	24	1
503	2023-12-27 15:42:48.056271+02	8	[Sofia Chang - Volunteer Opportunity: Community Cleanup Drive] comments Emily Rodriguez "I'm intrigued by this idea. Let's explore it further."	1	[{"added": {}}]	24	1
504	2023-12-27 15:42:54.394025+02	9	[Alexis Papadakis - Merry XMAS] comments Emily Rodriguez "I'm intrigued by this idea. Let's explore it further."	1	[{"added": {}}]	24	1
505	2023-12-27 15:42:59.158017+02	10	[Sofia Chang - Volunteer Opportunity: Community Cleanup Drive] comments Petros Petrakis "I appreciate your perspective on this matter."	1	[{"added": {}}]	24	1
506	2023-12-27 15:43:05.738653+02	11	[Javier Fernandez - Healthy Living Workshop: Mindfulness and Stress Management] comments Emily Rodriguez ""I have a similar viewpoint. It's interesting to see different opinions"	1	[{"added": {}}]	24	1
507	2023-12-27 15:43:12.429177+02	12	[Christos Borakis - "Upcoming Seminar on Financial Planning] comments Emily Rodriguez "I'm inspired by this initiative. Count me in for support!"	1	[{"added": {}}]	24	1
508	2023-12-27 15:45:07.758494+02	4	[TechVerse Solutions|Cloud Migration Initiative] 	1	[{"added": {}}]	32	1
509	2023-12-27 15:45:19.995563+02	5	[TechVerse Solutions|Cybersecurity Overhaul] 	1	[{"added": {}}]	32	1
510	2023-12-27 15:45:31.580594+02	6	[Tech Solutions Inc.|Enterprise Resource Planning (ERP) Integration] 	1	[{"added": {}}]	32	1
511	2023-12-27 15:45:47.266288+02	7	[Tech Solutions Inc.|AI-Powered Automation Implementation] 	1	[{"added": {}}]	32	1
512	2023-12-27 15:45:59.071979+02	8	[Tech Solutions Inc.|Data Analytics Platform Development] 	1	[{"added": {}}]	32	1
513	2023-12-27 15:46:13.591932+02	9	[BioHealth Pharmaceuticals|Mobile App Enhancement] 	1	[{"added": {}}]	32	1
514	2023-12-27 15:46:28.304908+02	10	[Telemarketing|Network Infrastructure Optimization] 	1	[{"added": {}}]	32	1
515	2023-12-27 15:47:58.241259+02	4	Infrastructure Assessment	1	[{"added": {}}]	31	1
516	2023-12-27 15:48:04.960481+02	5	Strategy Formulation	1	[{"added": {}}]	31	1
517	2023-12-27 15:48:12.969219+02	6	Resource Allocation	1	[{"added": {}}]	31	1
518	2023-12-27 15:48:20.367905+02	7	Data Migration	1	[{"added": {}}]	31	1
519	2023-12-27 15:48:28.231697+02	8	System Testing	1	[{"added": {}}]	31	1
520	2023-12-27 15:48:37.006301+02	9	Training & Adoption	1	[{"added": {}}]	31	1
521	2023-12-27 15:48:45.907329+02	10	Performance Optimization	1	[{"added": {}}]	31	1
522	2023-12-27 15:48:53.853342+02	11	Security Enhancement	1	[{"added": {}}]	31	1
523	2023-12-27 15:48:59.842567+02	12	Continuous Monitoring	1	[{"added": {}}]	31	1
524	2023-12-27 15:49:17.4075+02	13	User Experience Upgrade	1	[{"added": {}}]	31	1
525	2023-12-27 15:49:23.864767+02	14	Payment Gateway Integration	1	[{"added": {}}]	31	1
526	2023-12-27 15:49:29.379454+02	15	Mobile App Development	1	[{"added": {}}]	31	1
527	2023-12-27 15:49:36.240122+02	16	Database Optimization	1	[{"added": {}}]	31	1
528	2023-12-27 15:49:44.073879+02	17	Server Upgradation	1	[{"added": {}}]	31	1
529	2023-12-27 15:49:50.02819+02	18	API Integration	1	[{"added": {}}]	31	1
530	2023-12-27 15:49:59.324896+02	19	SEO Enhancement	1	[{"added": {}}]	31	1
531	2023-12-27 15:50:05.78793+02	20	Data Analytics Implementation	1	[{"added": {}}]	31	1
532	2023-12-27 15:50:11.963336+02	21	Marketing Campaign Launch	1	[{"added": {}}]	31	1
533	2023-12-27 15:50:27.619823+02	22	Infrastructure Assessment	1	[{"added": {}}]	31	1
534	2023-12-27 15:50:48.394331+02	2	Task Creation and Assignment	2	[{"changed": {"fields": ["Project"]}}]	31	1
535	2023-12-27 16:00:44.864936+02	7	Alexis Papadakis -> [Telemarketing|Start up project of Telemarketing] Strategy Formulation	1	[{"added": {}}]	33	1
536	2023-12-27 16:01:05.644235+02	8	Petros Petrakis -> [Eurobank|Online Learning Platform] Infrastructure Assessment	1	[{"added": {}}]	33	1
537	2023-12-27 16:01:29.105767+02	9	Dimitra Iwannou -> [TechVerse Solutions|Cloud Migration Initiative] Server Upgradation	1	[{"added": {}}]	33	1
538	2023-12-27 16:02:30.36646+02	10	Emily Rodriguez -> [Tech Solutions Inc.|Enterprise Resource Planning (ERP) Integration] Data Analytics Implementation	1	[{"added": {}}]	33	1
539	2023-12-27 16:02:57.963072+02	11	Sofia Chang -> [BioHealth Pharmaceuticals|Mobile App Enhancement] Infrastructure Assessment	1	[{"added": {}}]	33	1
540	2023-12-28 15:06:11.774558+02	12	Petros Petrakis -> [Eurobank|Online Learning Platform] User Experience Upgrade	1	[{"added": {}}]	33	1
541	2023-12-28 15:06:45.568966+02	13	George Papadakis -> [Telemarketing|Start up project of Telemarketing] Payment Gateway Integration	1	[{"added": {}}]	33	1
542	2023-12-28 15:07:28.332126+02	14	George Papadakis -> [Telemarketing|Network Infrastructure Optimization] Resource Allocation	1	[{"added": {}}]	33	1
543	2023-12-28 15:07:34.646497+02	15	Alexis Papadakis -> [Telemarketing|Network Infrastructure Optimization] Task Creation and Assignment	1	[{"added": {}}]	33	1
544	2023-12-28 15:08:17.796858+02	15	peter123@gmail.com	1	[{"added": {}}]	3	1
545	2023-12-28 15:09:41.158149+02	15	Peter Willson	1	[{"added": {}}]	4	1
546	2023-12-28 15:09:55.078721+02	41	[A] Peter Willson -> TechVerse Solutions	1	[{"added": {}}]	17	1
547	2023-12-28 15:10:22.166592+02	16	Dimitra Iwannou -> [TechVerse Solutions|Cloud Migration Initiative] System Testing	1	[{"added": {}}]	33	1
548	2023-12-28 15:10:26.784091+02	17	Peter Willson -> [TechVerse Solutions|Cybersecurity Overhaul] Data Migration	1	[{"added": {}}]	33	1
549	2023-12-28 15:10:30.864359+02	18	Dimitra Iwannou -> [TechVerse Solutions|Cybersecurity Overhaul] Database Optimization	1	[{"added": {}}]	33	1
550	2023-12-28 15:10:34.250522+02	19	Dimitra Iwannou -> [TechVerse Solutions|Cybersecurity Overhaul] Mobile App Development	1	[{"added": {}}]	33	1
551	2023-12-28 15:10:58.93961+02	20	Emily Rodriguez -> [Tech Solutions Inc.|Enterprise Resource Planning (ERP) Integration] Performance Optimization	1	[{"added": {}}]	33	1
552	2023-12-28 15:11:10.753387+02	21	Emily Rodriguez -> [Tech Solutions Inc.|Enterprise Resource Planning (ERP) Integration] Security Enhancement	1	[{"added": {}}]	33	1
553	2023-12-28 15:11:16.122522+02	22	Emily Rodriguez -> [Tech Solutions Inc.|AI-Powered Automation Implementation] Continuous Monitoring	1	[{"added": {}}]	33	1
554	2023-12-28 15:11:22.185199+02	23	Emily Rodriguez -> [Tech Solutions Inc.|AI-Powered Automation Implementation] Marketing Campaign Launch	1	[{"added": {}}]	33	1
555	2023-12-28 15:11:30.074282+02	24	Emily Rodriguez -> [Tech Solutions Inc.|Data Analytics Platform Development] API Integration	1	[{"added": {}}]	33	1
556	2023-12-28 15:11:35.267883+02	25	Emily Rodriguez -> [Tech Solutions Inc.|Data Analytics Platform Development] SEO Enhancement	1	[{"added": {}}]	33	1
557	2023-12-28 15:11:39.424512+02	26	Emily Rodriguez -> [Tech Solutions Inc.|Data Analytics Platform Development] Training & Adoption	1	[{"added": {}}]	33	1
558	2023-12-28 15:20:38.582029+02	22	2023-12-28 13:20:38.579029+00:00[Dimitra Iwannou->Christos Borakis] 	1	[{"added": {}}]	27	1
559	2023-12-28 15:24:50.552046+02	22	2023-12-28 13:24:50.549045+00:00[Dimitra Iwannou->Christos Borakis] 	2	[]	27	1
560	2023-12-28 15:24:55.400126+02	22	2023-12-28 13:24:50.549045+00:00[Dimitra Iwannou->Christos Borakis] 	3		27	1
561	2023-12-28 15:25:04.869882+02	23	2023-12-28 13:25:04.868881+00:00[Dimitra Iwannou->Alexis Papadakis] k	1	[{"added": {}}]	27	1
562	2023-12-28 15:25:53.948419+02	24	2023-12-28 13:25:53.947419+00:00[Dimitra Iwannou->Alexis Papadakis] g	1	[{"added": {}}]	27	1
563	2023-12-28 15:26:16.74298+02	25	2023-12-28 13:26:16.740979+00:00[Dimitra Iwannou->Alexis Papadakis] jklj	1	[{"added": {}}]	27	1
564	2023-12-28 15:26:44.265186+02	26	2023-12-28 13:26:44.262185+00:00[Dimitra Iwannou->Alexis Papadakis] j	1	[{"added": {}}]	27	1
565	2023-12-28 15:27:05.851319+02	27	2023-12-28 13:27:05.849319+00:00[Dimitra Iwannou->Alexis Papadakis] s	1	[{"added": {}}]	27	1
566	2023-12-28 15:28:46.327506+02	28	2023-12-28 13:28:46.324507+00:00[Dimitra Iwannou->Alexis Papadakis] ds	1	[{"added": {}}]	27	1
567	2023-12-28 15:29:13.263266+02	29	2023-12-28 13:29:13.262265+00:00[Christos Borakis->Dimitra Iwannou] ;	1	[{"added": {}}]	27	1
568	2023-12-28 15:29:37.464979+02	25	2023-12-28 13:26:16.740979+00:00[Dimitra Iwannou->Alexis Papadakis] jklj	3		27	1
569	2023-12-28 15:29:37.46798+02	28	2023-12-28 13:28:46.324507+00:00[Dimitra Iwannou->Alexis Papadakis] ds	3		27	1
570	2023-12-28 15:29:37.46898+02	27	2023-12-28 13:27:05.849319+00:00[Dimitra Iwannou->Alexis Papadakis] s	3		27	1
571	2023-12-28 15:29:37.46898+02	26	2023-12-28 13:26:44.262185+00:00[Dimitra Iwannou->Alexis Papadakis] j	3		27	1
572	2023-12-28 15:29:37.469981+02	24	2023-12-28 13:25:53.947419+00:00[Dimitra Iwannou->Alexis Papadakis] g	3		27	1
573	2023-12-28 15:29:37.469981+02	23	2023-12-28 13:25:04.868881+00:00[Dimitra Iwannou->Alexis Papadakis] k	3		27	1
574	2023-12-28 15:29:37.470981+02	29	2023-12-28 13:29:13.262265+00:00[Christos Borakis->Dimitra Iwannou] ;	3		27	1
575	2023-12-28 15:30:09.483983+02	30	2023-12-28 13:30:09.482984+00:00[Dimitra Iwannou->Alexis Papadakis] Hi	1	[{"added": {}}]	27	1
576	2023-12-28 15:44:38.813985+02	145	None[Dimitra Iwannou->Aisha Khan] Not sure yet, maybe just relaxing.	3		27	1
577	2023-12-28 15:44:38.816345+02	158	None[Dimitra Iwannou->Javier Fernandez] How was your vacation?	3		27	1
578	2023-12-28 15:44:38.817266+02	143	None[Alexis Papadakis->Aisha Khan] Im doing well, thanks!	3		27	1
579	2023-12-28 15:44:38.817832+02	147	None[Alexis Papadakis->Javier Fernandez] Yes, it was fantastic!	3		27	1
580	2023-12-28 15:44:38.817832+02	162	None[Dimitra Iwannou->Alexis Papadakis] Working on the new feature.	3		27	1
581	2023-12-28 15:44:38.818834+02	165	None[Dimitra Iwannou->Aisha Khan] Sure, let's set up a meeting.	3		27	1
582	2023-12-28 15:44:38.819835+02	163	None[Alexis Papadakis->Dimitra Iwannou] Exciting, can't wait to see it!	3		27	1
583	2023-12-28 15:44:38.819835+02	153	None[Alexis Papadakis->Alexander Patel] That sounds great, count me in!	3		27	1
584	2023-12-28 15:44:38.820834+02	154	None[Alexis Papadakis->Javier Fernandez] We should plan a team dinner.	3		27	1
585	2023-12-28 15:44:38.820834+02	149	None[Alexis Papadakis->Javier Fernandez] Absolutely, I'm available next week.	3		27	1
586	2023-12-28 15:44:38.821835+02	144	None[Aisha Khan->Dimitra Iwannou] Any plans for the weekend?	3		27	1
587	2023-12-28 15:44:38.821835+02	142	None[Aisha Khan->Alexis Papadakis] Hey, how are you?	3		27	1
588	2023-12-28 15:44:38.822835+02	161	None[Aisha Khan->Aisha Khan] I'll make sure to attend.	3		27	1
589	2023-12-28 15:44:38.822835+02	157	None[Aisha Khan->Dimitra Iwannou] Almost done, just a few more tasks.	3		27	1
590	2023-12-28 15:44:38.822835+02	159	None[Javier Fernandez->Dimitra Iwannou] It was amazing, thanks for asking!	3		27	1
591	2023-12-28 15:44:38.823835+02	152	None[Alexander Patel->Alexis Papadakis] Thinking of organizing a gathering.	3		27	1
592	2023-12-28 15:44:38.823835+02	164	None[Aisha Khan->Dimitra Iwannou] Let's discuss the strategy.	3		27	1
593	2023-12-28 15:44:38.824835+02	160	None[Aisha Khan->Aisha Khan] Meeting at 3 PM tomorrow.	3		27	1
594	2023-12-28 15:44:38.824835+02	146	None[Javier Fernandez->Alexis Papadakis] Have you seen the latest movie?	3		27	1
595	2023-12-28 15:44:38.825836+02	155	None[Javier Fernandez->Alexis Papadakis] Agreed, it's been a while!	3		27	1
596	2023-12-28 15:44:38.825836+02	148	None[Javier Fernandez->Alexis Papadakis] Let's catch up soon.	3		27	1
597	2023-12-28 15:44:38.826836+02	151	None[Javier Fernandez->Dimitra Iwannou] Work's been busy but productive!	3		27	1
598	2023-12-28 15:44:38.827836+02	156	None[Dimitra Iwannou->Aisha Khan] Did you finish the project?	3		27	1
599	2023-12-28 15:44:38.827836+02	150	None[Dimitra Iwannou->Javier Fernandez] How's work going?	3		27	1
600	2023-12-28 15:45:13.065514+02	166	2023-12-28 13:45:13.064515+00:00[Alexis Papadakis->Dimitra Iwannou] hey	1	[{"added": {}}]	27	1
601	2023-12-28 15:47:27.615982+02	167	2023-12-28 13:47:27.614981+00:00[Dimitra Iwannou->Alexis Papadakis] Nice to meet you	1	[{"added": {}}]	27	1
602	2023-12-28 15:48:53.297054+02	168	2023-12-28 13:48:53.297054+00:00[Dimitra Iwannou->Christos Borakis] Hi there!	1	[{"added": {}}]	27	1
603	2023-12-28 15:49:02.884706+02	169	2023-12-28 13:49:02.883705+00:00[Christos Borakis->Dimitra Iwannou] Hey, how are you?	1	[{"added": {}}]	27	1
604	2023-12-28 15:49:12.249457+02	170	2023-12-28 13:49:12.248456+00:00[Dimitra Iwannou->Christos Borakis] I'm good, thanks! Busy day ahead?	1	[{"added": {}}]	27	1
605	2023-12-28 15:49:22.209833+02	171	2023-12-28 13:49:22.208833+00:00[Christos Borakis->Dimitra Iwannou] Yeah, lots to do. Catch you later!	1	[{"added": {}}]	27	1
606	2023-12-28 15:49:29.249311+02	172	2023-12-28 13:49:29.248311+00:00[Javier Fernandez->Alexis Papadakis] Morning	1	[{"added": {}}]	27	1
607	2023-12-28 15:49:37.890908+02	173	2023-12-28 13:49:37.889907+00:00[Alexis Papadakis->Javier Fernandez] Good morning! Plans for today?	1	[{"added": {}}]	27	1
608	2023-12-28 15:51:14.746261+02	174	2023-12-28 13:51:14.745261+00:00[Javier Fernandez->Alexis Papadakis] They announced a new product launch soon!	1	[{"added": {}}]	27	1
609	2023-12-28 15:51:24.664249+02	175	2023-12-28 13:51:24.663249+00:00[Javier Fernandez->Petros Petrakis] Morning! Any updates on the meeting agenda?	1	[{"added": {}}]	27	1
610	2023-12-28 15:51:31.760447+02	176	2023-12-28 13:51:31.759447+00:00[Petros Petrakis->Javier Fernandez] Yes, they added a discussion on the upcoming project.	1	[{"added": {}}]	27	1
611	2023-12-28 15:51:40.140519+02	177	2023-12-28 13:51:40.139518+00:00[Javier Fernandez->Petros Petrakis] Great, hoping for some insightful discussions.	1	[{"added": {}}]	27	1
612	2023-12-28 15:51:46.112534+02	178	2023-12-28 13:51:46.111534+00:00[Petros Petrakis->Javier Fernandez] Likewise, let's prepare!	1	[{"added": {}}]	27	1
613	2023-12-28 15:51:55.087728+02	179	2023-12-28 13:51:55.086728+00:00[Aisha Khan->Javier Fernandez] Hey, did you hear about the recent company event?	1	[{"added": {}}]	27	1
614	2023-12-28 15:52:03.312745+02	180	2023-12-28 13:52:03.311744+00:00[Javier Fernandez->Aisha Khan] Yes, I heard it was a huge success!	1	[{"added": {}}]	27	1
615	2023-12-28 15:52:20.229951+02	181	2023-12-28 13:52:20.227949+00:00[Aisha Khan->Javier Fernandez] Indeed! The team did an amazing job organizing it.	1	[{"added": {}}]	27	1
616	2023-12-28 15:52:28.272301+02	182	2023-12-28 13:52:28.271301+00:00[Javier Fernandez->Aisha Khan] Absolutely, they outdid themselves!	1	[{"added": {}}]	27	1
617	2023-12-28 15:52:40.013248+02	183	2023-12-28 13:52:40.012248+00:00[Alexander Patel->Petros Petrakis] Hello! Any updates from the management?	1	[{"added": {}}]	27	1
618	2023-12-28 15:52:50.821571+02	184	2023-12-28 13:52:50.820569+00:00[Petros Petrakis->Alexander Patel] They mentioned expansion plans in the quarterly report.	1	[{"added": {}}]	27	1
619	2023-12-28 15:52:57.287371+02	185	2023-12-28 13:52:57.286371+00:00[Alexander Patel->Petros Petrakis] Interesting, any insights shared on that?	1	[{"added": {}}]	27	1
620	2023-12-28 15:53:05.431498+02	186	2023-12-28 13:53:05.430498+00:00[Petros Petrakis->Alexander Patel] They hinted at exploring new markets.	1	[{"added": {}}]	27	1
621	2023-12-28 15:53:37.647127+02	187	2023-12-28 13:53:37.646127+00:00[Petros Petrakis->Aisha Khan] Hi there! Thoughts on the recent company email?	1	[{"added": {}}]	27	1
622	2023-12-28 15:53:47.902355+02	188	2023-12-28 13:53:47.901356+00:00[Aisha Khan->Petros Petrakis] It highlighted our achievements this year.	1	[{"added": {}}]	27	1
623	2023-12-28 15:53:56.628821+02	189	2023-12-28 13:53:56.627821+00:00[Petros Petrakis->Aisha Khan] Impressive stats, it's been a productive year.	1	[{"added": {}}]	27	1
624	2023-12-28 15:54:05.12882+02	190	2023-12-28 13:54:05.127820+00:00[Aisha Khan->Petros Petrakis] Absolutely, looking forward to what's ahead!	1	[{"added": {}}]	27	1
625	2023-12-28 15:54:19.788395+02	191	2023-12-28 13:54:19.787395+00:00[Javier Fernandez->Dimitra Iwannou] Hey! Have you seen the new company policies?	1	[{"added": {}}]	27	1
626	2023-12-28 15:54:33.391152+02	192	2023-12-28 13:54:33.390151+00:00[Dimitra Iwannou->Javier Fernandez] Not yet, any major changes?	1	[{"added": {}}]	27	1
627	2023-12-28 15:54:47.297085+02	193	2023-12-28 13:54:47.296085+00:00[Javier Fernandez->Dimitra Iwannou] They updated the remote work guidelines.	1	[{"added": {}}]	27	1
628	2023-12-28 15:54:55.545764+02	194	2023-12-28 13:54:55.544764+00:00[Dimitra Iwannou->Javier Fernandez] Good to know, flexibility is key!	1	[{"added": {}}]	27	1
629	2023-12-28 15:55:05.44636+02	195	2023-12-28 13:55:05.445359+00:00[Christos Borakis->Emily Rodriguez] Hello! Any insights from the recent board meeting?	1	[{"added": {}}]	27	1
630	2023-12-28 15:55:17.108831+02	196	2023-12-28 13:55:17.107831+00:00[Emily Rodriguez->Christos Borakis] They discussed our Q4 targets and strategies.	1	[{"added": {}}]	27	1
631	2023-12-28 15:55:24.938464+02	197	2023-12-28 13:55:24.937464+00:00[Christos Borakis->Emily Rodriguez] That's crucial, aiming high for year-end goals.	1	[{"added": {}}]	27	1
632	2023-12-28 15:55:31.029349+02	198	2023-12-28 13:55:31.028349+00:00[Emily Rodriguez->Christos Borakis] Absolutely, let's align our efforts!	1	[{"added": {}}]	27	1
633	2023-12-28 15:55:41.390274+02	199	2023-12-28 13:55:41.389274+00:00[Sofia Chang->Dimitra Iwannou] Morning! Thoughts on the company's sustainability efforts?	1	[{"added": {}}]	27	1
634	2023-12-28 15:55:49.242152+02	200	2023-12-28 13:55:49.241151+00:00[Dimitra Iwannou->Sofia Chang] Impressive, they're focusing more on eco-friendly initiatives.	1	[{"added": {}}]	27	1
635	2023-12-28 15:55:56.702008+02	201	2023-12-28 13:55:56.701008+00:00[Dimitra Iwannou->Sofia Chang] It's great to see the commitment to sustainability.	1	[{"added": {}}]	27	1
636	2023-12-28 15:56:03.64522+02	202	2023-12-28 13:56:03.644220+00:00[Sofia Chang->Dimitra Iwannou] Indeed, a step in the right direction!	1	[{"added": {}}]	27	1
637	2023-12-28 15:56:17.808646+02	203	2023-12-28 13:56:17.807647+00:00[George Papadakis->Petros Petrakis] Hi! Any insights from the company town hall?	1	[{"added": {}}]	27	1
638	2023-12-28 15:56:25.72136+02	204	2023-12-28 13:56:25.720360+00:00[Petros Petrakis->George Papadakis] They emphasized innovation as our core value.	1	[{"added": {}}]	27	1
639	2023-12-28 15:56:34.977484+02	205	2023-12-28 13:56:34.976484+00:00[George Papadakis->Petros Petrakis] Innovation drives progress, an important focus.	1	[{"added": {}}]	27	1
640	2023-12-28 15:56:41.925654+02	206	2023-12-28 13:56:41.924654+00:00[Sofia Chang->George Papadakis] Hey there! Heard about the company's charity initiative?	1	[{"added": {}}]	27	1
641	2023-12-28 15:56:48.596738+02	207	2023-12-28 13:56:48.595737+00:00[George Papadakis->Sofia Chang] Yes, they're partnering with local NGOs for a cause.	1	[{"added": {}}]	27	1
642	2023-12-28 15:56:57.942676+02	208	2023-12-28 13:56:57.941676+00:00[Sofia Chang->George Papadakis] That's commendable, proud of our company's social responsibility.	1	[{"added": {}}]	27	1
643	2023-12-28 15:57:05.553886+02	209	2023-12-28 13:57:05.552886+00:00[George Papadakis->Sofia Chang] Absolutely, it's inspiring!	1	[{"added": {}}]	27	1
644	2023-12-28 16:25:55.548405+02	7	[TechVerse Solutions | Sustainable IT Project Developmen] -> Dimitra Iwannou	1	[{"added": {}}]	38	1
645	2023-12-28 16:25:59.584607+02	8	[TechVerse Solutions | Sustainable IT Project Developmen] -> Peter Willson	1	[{"added": {}}]	38	1
646	2023-12-28 16:29:31.966597+02	10	2023-12-28 14:29:31.957596+00:00 [Eurobank | First eurobank group] -> Christos Borakis-> We're aiming for a phased approach, aiming for 3 months.	1	[{"added": {}}]	39	1
647	2023-12-28 16:29:39.422526+02	11	2023-12-28 14:29:39.414524+00:00 [Eurobank | First eurobank group] -> Petros Petrakis-> We should allocate tasks and responsibilities accordingly.	1	[{"added": {}}]	39	1
648	2023-12-28 16:29:47.838809+02	12	2023-12-28 14:29:47.829807+00:00 [Eurobank | First eurobank group] -> Christos Borakis-> Agreed! Let's create a task breakdown in the next meeting.	1	[{"added": {}}]	39	1
649	2023-12-28 16:31:59.63784+02	16	EmilyJohnson@gmail.com	1	[{"added": {}}]	3	1
650	2023-12-28 16:33:20.90899+02	16	Emily Johnson	1	[{"added": {}}]	4	1
651	2023-12-28 16:33:34.01702+02	17	DanielGarcia@gmail.com	1	[{"added": {}}]	3	1
652	2023-12-28 16:34:20.410629+02	17	Daniel Garcia	1	[{"added": {}}]	4	1
653	2023-12-28 16:36:29.401536+02	18	SofiaAndersson@yahoo.com	1	[{"added": {}}]	3	1
654	2023-12-28 16:36:55.628033+02	18	Sofia Andersson	1	[{"added": {}}]	4	1
655	2023-12-28 16:37:07.707918+02	19	LiamPatel@gmail.com	1	[{"added": {}}]	3	1
656	2023-12-28 16:37:26.227431+02	19	Liam Patel	1	[{"added": {}}]	4	1
657	2023-12-28 16:37:37.222498+02	20	ChloeKim@yahoo.com	1	[{"added": {}}]	3	1
658	2023-12-28 16:37:54.860019+02	20	Chloe Kim	1	[{"added": {}}]	4	1
659	2023-12-28 16:38:08.890381+02	42	[A] Emily Johnson -> Olympus Software Solutions SA	1	[{"added": {}}]	17	1
660	2023-12-28 16:38:13.678065+02	43	[A] Daniel Garcia -> Tech Solutions Inc.	1	[{"added": {}}]	17	1
661	2023-12-28 16:38:19.361318+02	44	[A] Sofia Andersson -> TechVerse Solutions	1	[{"added": {}}]	17	1
662	2023-12-28 16:38:23.458181+02	45	[A] Liam Patel -> Olympus Software Solutions SA	1	[{"added": {}}]	17	1
663	2023-12-28 16:38:27.422426+02	46	[A] Chloe Kim -> Eurobank	1	[{"added": {}}]	17	1
664	2023-12-28 16:39:33.059076+02	1	Eurodata	2	[{"changed": {"fields": ["Company name", "Description"]}}]	7	1
665	2023-12-28 16:40:22.372992+02	2	Tele Inc.	2	[{"changed": {"fields": ["Company name", "Description"]}}]	7	1
666	2023-12-28 16:41:27.618077+02	25	Daniel Garcia -> [Tech Solutions Inc.|Data Analytics Platform Development] SEO Enhancement	2	[{"changed": {"fields": ["Assign"]}}]	33	1
667	2023-12-28 16:41:38.78814+02	26	Daniel Garcia -> [Tech Solutions Inc.|Data Analytics Platform Development] Training & Adoption	2	[{"changed": {"fields": ["Assign"]}}]	33	1
668	2023-12-28 16:41:44.352045+02	10	Daniel Garcia -> [Tech Solutions Inc.|Enterprise Resource Planning (ERP) Integration] Data Analytics Implementation	2	[{"changed": {"fields": ["Assign"]}}]	33	1
669	2023-12-28 16:41:53.642862+02	19	Sofia Andersson -> [TechVerse Solutions|Cybersecurity Overhaul] Mobile App Development	2	[{"changed": {"fields": ["Assign"]}}]	33	1
670	2023-12-28 16:42:11.088224+02	12	Chloe Kim -> [Eurodata|Online Learning Platform] User Experience Upgrade	2	[{"changed": {"fields": ["Assign"]}}]	33	1
671	2023-12-28 16:42:57.965116+02	9	[Eurodata | First eurobank group] -> Chloe Kim	1	[{"added": {}}]	38	1
672	2023-12-28 16:47:51.891141+02	10	[Eurodata | Big Data Analytics] -> Chloe Kim	1	[{"added": {}}]	38	1
673	2023-12-28 16:48:54.467032+02	13	2023-12-28 14:48:54.458030+00:00 [TechVerse Solutions | Sustainable IT Project Developmen] -> Dimitra Iwannou-> Team, let's brainstorm ideas for the upcoming project kick-off.	1	[{"added": {}}]	39	1
674	2023-12-28 16:49:02.67841+02	14	2023-12-28 14:49:02.670408+00:00 [TechVerse Solutions | Sustainable IT Project Developmen] -> Peter Willson-> Agreed, we should leverage our previous successes for this	1	[{"added": {}}]	39	1
675	2023-12-28 16:53:09.528986+02	5	[Eurodata | Big Data Analytics] admins by Chloe Kim	1	[{"added": {}}]	37	1
676	2023-12-28 16:53:15.831634+02	6	[Tele Inc. | New Project] admins by Alexis Papadakis	1	[{"added": {}}]	37	1
677	2023-12-28 16:53:21.276771+02	7	[Tele Inc. | Challenges of Remote Project Management] admins by George Papadakis	1	[{"added": {}}]	37	1
678	2023-12-28 16:53:28.575803+02	8	[TechVerse Solutions | Sustainable IT Project Developmen] admins by Sofia Andersson	1	[{"added": {}}]	37	1
679	2023-12-28 16:53:42.151578+02	9	[Eurodata | First eurobank group] admins by Chloe Kim	1	[{"added": {}}]	37	1
680	2023-12-28 16:53:44.994609+02	10	[Eurodata | First eurobank group] admins by Petros Petrakis	1	[{"added": {}}]	37	1
681	2023-12-28 16:53:53.907093+02	1	[Eurodata | First eurobank group] admins by Christos Borakis	3		37	1
682	2023-12-28 16:54:04.90636+02	11	[Eurodata | Big Data Analytics] admins by Chloe Kim	1	[{"added": {}}]	37	1
683	2023-12-28 16:54:13.107903+02	5	[Eurodata | Big Data Analytics] admins by Chloe Kim	3		37	1
\.


--
-- TOC entry 3707 (class 0 OID 20276)
-- Dependencies: 219
-- Data for Name: django_content_type; Type: TABLE DATA; Schema: public; Owner: postgres
--

COPY public.django_content_type (id, app_label, model) FROM stdin;
1	apps	address
2	apps	phone
3	users	userscredentials
4	users	users
5	users	universitydetails
6	users	educationdetails
7	companies	companies
8	companies	companiesadmins
9	companies	workson
10	admin	logentry
11	auth	permission
12	auth	group
13	auth	user
14	contenttypes	contenttype
15	sessions	session
16	posts	postsprivate
17	companies	workrequests
18	posts	postprivatelikes
19	posts	postspublic
20	posts	postpubliclikes
21	posts	postsprivatelikes
22	posts	postspubliclikes
23	posts	postsprivatecomments
24	posts	postspubliccomments
25	users	friendrequests
26	users	friends
27	chats	privatechat
31	projects	projectdivision
32	projects	projects
33	projects	projectassign
34	projects	projectadmin
29	groupchats	groupadmins
35	groupchats	groupchat
30	groupchats	groupmembers
28	groupchats	groups
36	groups	groups
37	groups	groupadmins
38	groups	groupmembers
39	groups	groupchat
\.


--
-- TOC entry 3705 (class 0 OID 20268)
-- Dependencies: 217
-- Data for Name: django_migrations; Type: TABLE DATA; Schema: public; Owner: postgres
--

COPY public.django_migrations (id, app, name, applied) FROM stdin;
1	contenttypes	0001_initial	2023-11-08 17:31:54.342731+02
2	auth	0001_initial	2023-11-08 17:31:54.412747+02
3	admin	0001_initial	2023-11-08 17:31:54.439753+02
4	admin	0002_logentry_remove_auto_add	2023-11-08 17:31:54.448756+02
5	admin	0003_logentry_add_action_flag_choices	2023-11-08 17:31:54.456758+02
6	contenttypes	0002_remove_content_type_name	2023-11-08 17:31:54.470761+02
7	auth	0002_alter_permission_name_max_length	2023-11-08 17:31:54.477762+02
8	auth	0003_alter_user_email_max_length	2023-11-08 17:31:54.484763+02
9	auth	0004_alter_user_username_opts	2023-11-08 17:31:54.490766+02
10	auth	0005_alter_user_last_login_null	2023-11-08 17:31:54.498767+02
11	auth	0006_require_contenttypes_0002	2023-11-08 17:31:54.500767+02
12	auth	0007_alter_validators_add_error_messages	2023-11-08 17:31:54.506768+02
13	auth	0008_alter_user_username_max_length	2023-11-08 17:31:54.51878+02
14	auth	0009_alter_user_last_name_max_length	2023-11-08 17:31:54.524784+02
15	auth	0010_alter_group_name_max_length	2023-11-08 17:31:54.531785+02
16	auth	0011_update_proxy_permissions	2023-11-08 17:31:54.537786+02
17	auth	0012_alter_user_first_name_max_length	2023-11-08 17:31:54.543787+02
18	users	0001_initial	2023-11-08 17:31:54.589798+02
19	companies	0001_initial	2023-11-08 17:31:54.620424+02
20	companies	0002_initial	2023-11-08 17:31:54.668434+02
21	sessions	0001_initial	2023-11-08 17:31:54.679437+02
22	companies	0003_alter_companies_slug	2023-11-09 14:19:33.123049+02
23	users	0002_alter_users_gender_alter_users_slug	2023-11-09 14:19:33.138053+02
24	users	0003_remove_users_phones_users_phone	2023-11-09 14:48:35.709453+02
25	companies	0004_remove_companies_phones_companies_phone	2023-11-10 15:29:28.054992+02
26	posts	0001_initial	2023-12-06 11:59:27.016337+02
27	chats	0001_initial	2023-12-16 14:41:16.493978+02
28	chats	0002_alter_privatechat_date	2023-12-19 14:03:12.234369+02
29	groupchats	0001_initial	2023-12-19 14:03:12.304384+02
30	groupchats	0002_alter_groupchats_name	2023-12-20 12:38:25.412931+02
31	projects	0001_initial	2023-12-20 12:45:37.172365+02
32	projects	0002_alter_projectdivision_file_projectassign	2023-12-20 13:51:31.831489+02
33	groupchats	0003_alter_groupchatmembers_id_alter_groupchatsadmins_id_and_more	2023-12-26 17:15:29.702733+02
34	groupchats	0004_groupchatconversation_send_date	2023-12-26 17:16:23.906098+02
35	groupchats	0005_alter_groupchatconversation_send_date_and_more	2023-12-26 17:46:39.951517+02
36	chats	0003_remove_privatechat_date_privatechat_send_date	2023-12-26 17:52:53.025129+02
37	groupchats	0006_rename_groupchatsadmins_groupadmins_and_more	2023-12-27 12:55:21.153392+02
38	chats	0004_alter_privatechat_send_date	2023-12-28 15:34:50.351734+02
\.


--
-- TOC entry 3731 (class 0 OID 20529)
-- Dependencies: 243
-- Data for Name: django_session; Type: TABLE DATA; Schema: public; Owner: postgres
--

COPY public.django_session (session_key, session_data, expire_date) FROM stdin;
thjnk1qxshtlsxf30nbjoc68czggjvm4	.eJxVjDkOwjAUBe_iGlk28ZJQ0ucM1t-MA8iR4qRC3B0ipYD2zcx7qQTbWtLWZEkTq4uy6vS7IdBD6g74DvU2a5rrukyod0UftOlxZnleD_fvoEAr3xpDtgIogw2ZIHY9WBNYBkZvSDg776KcI0YJBM4GjB466n1kA1aY1PsDFHM5HA:1r0kYT:nzXw4oSaj3gcNPDbJPG5EMHlONGyowSn_4GQsqiJhVc	2023-11-22 17:33:21.590385+02
wb74w6rxdn6g46mfylpfjp46wf6ia438	.eJxVjDkOwjAUBe_iGlk28ZJQ0ucM1t-MA8iR4qRC3B0ipYD2zcx7qQTbWtLWZEkTq4uy6vS7IdBD6g74DvU2a5rrukyod0UftOlxZnleD_fvoEAr3xpDtgIogw2ZIHY9WBNYBkZvSDg776KcI0YJBM4GjB466n1kA1aY1PsDFHM5HA:1rASRS:TBjCey359BnM_khhG2eXsq7nTByp0tnD0Eh03lxwXd8	2023-12-19 12:14:14.456714+02
5pxbe4xiwhc904t9vpiw1nyi3pz35u67	.eJxVjDkOwjAUBe_iGlk28ZJQ0ucM1t-MA8iR4qRC3B0ipYD2zcx7qQTbWtLWZEkTq4uy6vS7IdBD6g74DvU2a5rrukyod0UftOlxZnleD_fvoEAr3xpDtgIogw2ZIHY9WBNYBkZvSDg776KcI0YJBM4GjB466n1kA1aY1PsDFHM5HA:1rFXk1:jgevkzjNl45rC-111zPAYM8NYstuEwXISE3sNaQxwDo	2024-01-02 12:54:25.373819+02
n2648fir49lf4kjysyi3e4op6rhtxb54	.eJxVjDkOwjAUBe_iGlk28ZJQ0ucM1t-MA8iR4qRC3B0ipYD2zcx7qQTbWtLWZEkTq4uy6vS7IdBD6g74DvU2a5rrukyod0UftOlxZnleD_fvoEAr3xpDtgIogw2ZIHY9WBNYBkZvSDg776KcI0YJBM4GjB466n1kA1aY1PsDFHM5HA:1rIRBs:QMMnDia5oWfBaBWZ8fJvj_AObkTndNr8616HyBZGc6M	2024-01-10 12:31:08.799949+02
\.


--
-- TOC entry 3728 (class 0 OID 20432)
-- Dependencies: 240
-- Data for Name: education_details; Type: TABLE DATA; Schema: public; Owner: postgres
--

COPY public.education_details (id, name, graduation, user_id) FROM stdin;
1	5th High School of Chania	2022-02-08	1
2	16   	2011-06-20	2
\.


--
-- TOC entry 3749 (class 0 OID 29159)
-- Dependencies: 261
-- Data for Name: friend_requests; Type: TABLE DATA; Schema: public; Owner: postgres
--

COPY public.friend_requests (id, user1_id, request_id, status) FROM stdin;
2	3	1	A
3	7	2	A
4	2	1	A
5	9	2	A
6	9	1	A
7	13	2	A
8	13	7	A
9	14	13	A
10	11	7	A
11	7	14	A
12	13	9	A
14	1	10	A
15	12	9	A
16	3	7	A
13	12	3	A
\.


--
-- TOC entry 3751 (class 0 OID 29167)
-- Dependencies: 263
-- Data for Name: friends; Type: TABLE DATA; Schema: public; Owner: postgres
--

COPY public.friends (id, person_id, friend_id) FROM stdin;
19	9	2
20	2	9
21	9	1
22	1	9
23	13	2
24	2	13
25	13	7
26	7	13
27	14	13
28	13	14
29	11	7
30	7	11
31	7	14
32	14	7
33	13	9
34	9	13
35	1	10
36	10	1
37	12	9
38	9	12
39	3	7
40	7	3
41	12	3
42	3	12
\.


--
-- TOC entry 3757 (class 0 OID 29239)
-- Dependencies: 269
-- Data for Name: group_admins; Type: TABLE DATA; Schema: public; Owner: postgres
--

COPY public.group_admins (id, admin_id, group_id) FROM stdin;
6	44	2
7	36	3
8	54	4
9	56	1
10	45	1
11	56	5
\.


--
-- TOC entry 3769 (class 0 OID 37531)
-- Dependencies: 281
-- Data for Name: group_chat; Type: TABLE DATA; Schema: public; Owner: postgres
--

COPY public.group_chat (id, message, file, group_id, sender_id, send_date) FROM stdin;
5	hi		1	1	2023-12-26 17:51:31.624286+02
6	Hello team!!!		1	3	2023-12-26 17:57:23.761409+02
7	Im so anxious about the new project...		2	4	2023-12-26 17:57:39.261229+02
8	Yes me too		2	6	2023-12-26 17:57:47.051064+02
9	it sounds difficult		2	4	2023-12-26 17:58:01.159791+02
10	We're aiming for a phased approach, aiming for 3 months.		1	1	2023-12-28 16:29:31.957596+02
11	We should allocate tasks and responsibilities accordingly.		1	3	2023-12-28 16:29:39.414524+02
12	Agreed! Let's create a task breakdown in the next meeting.		1	1	2023-12-28 16:29:47.829807+02
13	Team, let's brainstorm ideas for the upcoming project kick-off.		4	7	2023-12-28 16:48:54.45803+02
14	Agreed, we should leverage our previous successes for this		4	8	2023-12-28 16:49:02.670408+02
\.


--
-- TOC entry 3759 (class 0 OID 29245)
-- Dependencies: 271
-- Data for Name: group_members; Type: TABLE DATA; Schema: public; Owner: postgres
--

COPY public.group_members (id, group_id, member_id) FROM stdin;
1	1	25
3	1	45
4	2	36
6	2	44
7	4	47
8	4	51
9	1	56
10	5	56
11	3	36
12	4	54
\.


--
-- TOC entry 3755 (class 0 OID 29231)
-- Dependencies: 267
-- Data for Name: groups; Type: TABLE DATA; Schema: public; Owner: postgres
--

COPY public.groups (group_id, name, company_id) FROM stdin;
1	First eurobank group	1
2	New Project	2
3	Challenges of Remote Project Management	2
4	Sustainable IT Project Developmen	4
5	Big Data Analytics	1
\.


--
-- TOC entry 3735 (class 0 OID 20617)
-- Dependencies: 247
-- Data for Name: posts_private; Type: TABLE DATA; Schema: public; Owner: postgres
--

COPY public.posts_private (post_id, slug, author_id, title, body, publish_date, image) FROM stdin;
21	telemarketingfirst-post	36	First Post	Good morning	2023-12-12 12:11:58.756351+02	posts/posts_private/Telemarketing/IMG_20210916_124355.jpg
23	techverse-solutionsnew-member	47	New member	Thank you very much for accepting the job\r\nI will try my best for the company	2023-12-26 16:35:47.041744+02	
24	eurobankwelcome-new-hires	25	Welcome New Hires!	We're excited to welcome our new team members aboard! Say hello and share your best tips for getting started.	2023-12-27 15:31:06.285384+02	
25	telemarketingcompany-event-reminder-town-hall-meeting	36	Company Event Reminder: Town Hall Meeting	Don't forget to join us at the town hall meeting tomorrow in the main conference room. We'll be discussing upcoming projects and addressing any questions you might have.	2023-12-27 15:31:18.306184+02	
26	eurobankvolunteer-opportunity-community-cleanup-day	45	Volunteer Opportunity: Community Cleanup Day	Join us this Saturday for a community cleanup day! We're looking for volunteers to help make our neighborhood cleaner and greener. Sign up here!	2023-12-27 15:31:26.302006+02	
27	biohealth-pharmaceuticalsemployee-spotlight-meet-employee-name	50	Employee Spotlight: Meet [Employee Name]	Let's congratulate [Employee Name] for their outstanding contribution to our recent project. Get to know them better and learn about their journey at our company.	2023-12-27 15:31:40.153684+02	
28	techverse-solutionstech-tips-tuesday-cybersecurity-best-practices	47	Tech Tips Tuesday: Cybersecurity Best Practices	In light of recent security concerns, here are some essential cybersecurity tips to keep our data and systems secure. Share your own recommendations in the comments!	2023-12-27 15:31:48.31264+02	
29	telemarketingcompany-wellness-program-yoga-sessions	44	Company Wellness Program: Yoga Sessions	Company Wellness Program: Yoga Sessions	2023-12-27 15:31:55.533596+02	
30	biohealth-pharmaceuticalscall-for-ideas-office-redesign-project	49	Call for Ideas: Office Redesign Project	We're revamping our office space and want your input! Share your ideas, suggestions, and preferences for the new office layout.	2023-12-27 15:32:05.68891+02	
31	tech-solutions-incprofessional-development-opportunities	48	Professional Development Opportunities	Explore new professional development courses available this quarter. Enhance your skills and grow your career with our learning resources.	2023-12-27 15:32:14.168841+02	
32	eurobankcongratulations-employee-name-on-work-anniversary	25	Congratulations [Employee Name] on Work Anniversary!	Let's celebrate [Employee Name]'s [X years] at our company! Share your congratulations and memorable experiences working together."\r\n\r\nTitle: "Upcoming Holiday Schedule Reminder	2023-12-27 15:32:22.624342+02	
33	biohealth-pharmaceuticalsupcoming-holiday-schedule-reminder	49	Upcoming Holiday Schedule Reminder	As the holiday season approaches, here's a reminder of our company's holiday schedule and office hours. Plan ahead and enjoy the festivities!"	2023-12-27 15:32:40.088657+02	
\.


--
-- TOC entry 3745 (class 0 OID 20779)
-- Dependencies: 257
-- Data for Name: posts_private_comments; Type: TABLE DATA; Schema: public; Owner: postgres
--

COPY public.posts_private_comments (id, post_id, commentor_id, comment, date) FROM stdin;
1	21	44	Great	2023-12-12 13:14:13.083728+02
2	23	47	!!!	2023-12-26 16:36:47.170266+02
3	21	44	Great initiative! Looking forward to seeing the positive impact.	2023-12-27 15:34:28.269745+02
4	21	44	Thanks for organizing! I'll be there to lend a hand.	2023-12-27 15:34:39.335724+02
5	24	45	Congratulations! Well deserved!	2023-12-27 15:34:47.409758+02
6	25	44	What an inspiring story! Thanks for sharing.	2023-12-27 15:34:57.526247+02
7	26	25	Fantastic work! Keep it up!	2023-12-27 15:35:06.359946+02
8	26	25	I'm interested! How can I sign up?	2023-12-27 15:35:15.994141+02
9	28	47	Impressive achievement! Kudos to the team	2023-12-27 15:35:28.283092+02
10	33	49	"This is awesome news! Can't wait to attend."	2023-12-27 15:36:17.801336+02
11	32	45	Wishing everyone a productive meeting!	2023-12-27 15:36:28.132851+02
12	33	50	Count me in! Excited for the event.	2023-12-27 15:36:39.727566+02
\.


--
-- TOC entry 3739 (class 0 OID 20699)
-- Dependencies: 251
-- Data for Name: posts_private_likes; Type: TABLE DATA; Schema: public; Owner: postgres
--

COPY public.posts_private_likes (id, post_id, like_id) FROM stdin;
6	23	47
7	21	44
8	25	36
9	21	36
10	24	25
11	25	44
12	26	25
13	26	45
14	27	50
15	27	49
16	28	47
17	29	36
18	30	50
19	31	48
20	32	45
21	32	25
22	33	50
\.


--
-- TOC entry 3741 (class 0 OID 20744)
-- Dependencies: 253
-- Data for Name: posts_public; Type: TABLE DATA; Schema: public; Owner: postgres
--

COPY public.posts_public (post_id, slug, author_id, title, body, publish_date, image) FROM stdin;
1	christos-borakisfirst-public-post	1	First public post	hello good morning to evryone	2023-12-12 12:46:53.362164+02	posts/posts_public/ChristosBorakis/3Legs.jpg
2	alexis-papadakismerry-xmas	2	Merry XMAS	Good monring  to everyone enjoy ur holidas	2023-12-20 13:32:49.390616+02	posts/posts_public/AlexisPapadakis/Full.jpg
3	christos-borakisupcoming-seminar-on-financial-planning	1	"Upcoming Seminar on Financial Planning	Join us for an insightful seminar next week on smart financial planning strategies for young professionals. Don't miss this opportunity to gain valuable knowledge from industry experts!	2023-12-27 15:39:58.889019+02	
4	dimitra-iwannoutech-talk-exploring-ai-and-its-impact	9	Tech Talk: Exploring AI and its Impact	Our next Tech Talk series dives deep into Artificial Intelligence and its transformative influence across industries. Engage in discussions about its potential and ethical considerations.	2023-12-27 15:40:06.218689+02	
5	alexander-patelteam-building-day-at-the-beach	11	Team Building Day at the Beach!	Get ready for a day filled with fun team-building activities by the beach! Join us for games, barbeque, and great company. Let's strengthen our bonds outside the office!	2023-12-27 15:40:15.668569+02	
6	sofia-changvolunteer-opportunity-community-cleanup-drive	12	Volunteer Opportunity: Community Cleanup Drive	Make a positive impact in our community by volunteering for a cleanup drive this Saturday. Together, let's work towards a cleaner and healthier environment!	2023-12-27 15:40:26.915911+02	
7	javier-fernandezhealthy-living-workshop-mindfulness-and-stress-management	13	Healthy Living Workshop: Mindfulness and Stress Management	Learn effective techniques to manage stress and promote mindfulness in our upcoming workshop. Invest in your well-being and discover strategies for a healthier lifestyle.	2023-12-27 15:40:33.796479+02	
\.


--
-- TOC entry 3747 (class 0 OID 20787)
-- Dependencies: 259
-- Data for Name: posts_public_comments; Type: TABLE DATA; Schema: public; Owner: postgres
--

COPY public.posts_public_comments (id, post_id, commentor_id, comment, date) FROM stdin;
1	1	1	great news	2023-12-12 13:15:43.220941+02
2	1	3	cool	2023-12-12 13:15:53.249211+02
3	3	2	Great insight! Looking forward to more discussions on this topic.	2023-12-27 15:42:17.051874+02
4	5	9	"I completely agree with your point. Well said!"	2023-12-27 15:42:21.919985+02
5	6	10	"This post resonates with my experience. Thanks for sharing!"	2023-12-27 15:42:26.854107+02
6	6	12	"Could you elaborate more on this? I'd love to hear your thoughts."	2023-12-27 15:42:32.558407+02
7	7	12	Kudos to the team for organizing such an amazing event!	2023-12-27 15:42:42.399704+02
8	6	10	I'm intrigued by this idea. Let's explore it further.	2023-12-27 15:42:48.048267+02
9	2	10	I'm intrigued by this idea. Let's explore it further.	2023-12-27 15:42:54.386024+02
10	6	7	I appreciate your perspective on this matter.	2023-12-27 15:42:59.149016+02
11	7	10	"I have a similar viewpoint. It's interesting to see different opinions	2023-12-27 15:43:05.730651+02
12	3	10	I'm inspired by this initiative. Count me in for support!	2023-12-27 15:43:12.420174+02
\.


--
-- TOC entry 3743 (class 0 OID 20761)
-- Dependencies: 255
-- Data for Name: posts_public_likes; Type: TABLE DATA; Schema: public; Owner: postgres
--

COPY public.posts_public_likes (id, post_id, like_id) FROM stdin;
1	1	2
2	2	3
3	2	1
4	2	9
5	3	2
6	3	3
7	4	11
8	6	10
9	6	13
10	7	7
11	5	10
12	4	14
13	3	14
14	6	1
15	4	9
\.


--
-- TOC entry 3753 (class 0 OID 29203)
-- Dependencies: 265
-- Data for Name: private_chat; Type: TABLE DATA; Schema: public; Owner: postgres
--

COPY public.private_chat (message_id, message, receiver_id, sender_id, send_date) FROM stdin;
30	Hi	20	19	2023-12-28 15:30:09.482984+02
166	hey	19	20	2023-12-28 15:45:13.064515+02
167	Nice to meet you	20	19	2023-12-28 15:47:27.614981+02
168	Hi there!	22	21	2023-12-28 15:48:53.297054+02
169	Hey, how are you?	21	22	2023-12-28 15:49:02.883705+02
170	I'm good, thanks! Busy day ahead?	22	21	2023-12-28 15:49:12.248456+02
171	Yeah, lots to do. Catch you later!	21	22	2023-12-28 15:49:22.208833+02
172	Morning	24	23	2023-12-28 15:49:29.248311+02
173	Good morning! Plans for today?	23	24	2023-12-28 15:49:37.889907+02
174	They announced a new product launch soon!	24	23	2023-12-28 15:51:14.745261+02
175	Morning! Any updates on the meeting agenda?	26	25	2023-12-28 15:51:24.663249+02
176	Yes, they added a discussion on the upcoming project.	25	26	2023-12-28 15:51:31.759447+02
177	Great, hoping for some insightful discussions.	26	25	2023-12-28 15:51:40.139518+02
178	Likewise, let's prepare!	25	26	2023-12-28 15:51:46.111534+02
179	Hey, did you hear about the recent company event?	28	27	2023-12-28 15:51:55.086728+02
180	Yes, I heard it was a huge success!	27	28	2023-12-28 15:52:03.311744+02
181	Indeed! The team did an amazing job organizing it.	28	27	2023-12-28 15:52:20.227949+02
182	Absolutely, they outdid themselves!	27	28	2023-12-28 15:52:28.271301+02
183	Hello! Any updates from the management?	30	29	2023-12-28 15:52:40.012248+02
184	They mentioned expansion plans in the quarterly report.	29	30	2023-12-28 15:52:50.820569+02
185	Interesting, any insights shared on that?	30	29	2023-12-28 15:52:57.286371+02
186	They hinted at exploring new markets.	29	30	2023-12-28 15:53:05.430498+02
187	Hi there! Thoughts on the recent company email?	32	31	2023-12-28 15:53:37.646127+02
188	It highlighted our achievements this year.	31	32	2023-12-28 15:53:47.901356+02
189	Impressive stats, it's been a productive year.	32	31	2023-12-28 15:53:56.627821+02
190	Absolutely, looking forward to what's ahead!	31	32	2023-12-28 15:54:05.12782+02
191	Hey! Have you seen the new company policies?	34	33	2023-12-28 15:54:19.787395+02
192	Not yet, any major changes?	33	34	2023-12-28 15:54:33.390151+02
193	They updated the remote work guidelines.	34	33	2023-12-28 15:54:47.296085+02
194	Good to know, flexibility is key!	33	34	2023-12-28 15:54:55.544764+02
195	Hello! Any insights from the recent board meeting?	36	35	2023-12-28 15:55:05.445359+02
196	They discussed our Q4 targets and strategies.	35	36	2023-12-28 15:55:17.107831+02
197	That's crucial, aiming high for year-end goals.	36	35	2023-12-28 15:55:24.937464+02
198	Absolutely, let's align our efforts!	35	36	2023-12-28 15:55:31.028349+02
199	Morning! Thoughts on the company's sustainability efforts?	38	37	2023-12-28 15:55:41.389274+02
200	Impressive, they're focusing more on eco-friendly initiatives.	37	38	2023-12-28 15:55:49.241151+02
201	It's great to see the commitment to sustainability.	37	38	2023-12-28 15:55:56.701008+02
202	Indeed, a step in the right direction!	38	37	2023-12-28 15:56:03.64422+02
203	Hi! Any insights from the company town hall?	40	39	2023-12-28 15:56:17.807647+02
204	They emphasized innovation as our core value.	39	40	2023-12-28 15:56:25.72036+02
205	Innovation drives progress, an important focus.	40	39	2023-12-28 15:56:34.976484+02
206	Hey there! Heard about the company's charity initiative?	42	41	2023-12-28 15:56:41.924654+02
207	Yes, they're partnering with local NGOs for a cause.	41	42	2023-12-28 15:56:48.595737+02
208	That's commendable, proud of our company's social responsibility.	42	41	2023-12-28 15:56:57.941676+02
209	Absolutely, it's inspiring!	41	42	2023-12-28 15:57:05.552886+02
\.


--
-- TOC entry 3767 (class 0 OID 37481)
-- Dependencies: 279
-- Data for Name: project_admins; Type: TABLE DATA; Schema: public; Owner: postgres
--

COPY public.project_admins (id, project_id, admin_id) FROM stdin;
2	2	45
\.


--
-- TOC entry 3765 (class 0 OID 37475)
-- Dependencies: 277
-- Data for Name: project_assign; Type: TABLE DATA; Schema: public; Owner: postgres
--

COPY public.project_assign (participant_id, division_id, assign_id) FROM stdin;
2	3	25
4	1	36
7	5	44
8	4	45
9	17	47
11	22	49
13	14	36
14	6	36
15	2	44
16	8	47
17	7	51
18	16	47
20	10	48
21	11	48
22	12	48
23	21	48
24	18	48
25	19	53
26	9	53
10	20	53
19	15	54
12	13	56
\.


--
-- TOC entry 3763 (class 0 OID 29297)
-- Dependencies: 275
-- Data for Name: project_divisions; Type: TABLE DATA; Schema: public; Owner: postgres
--

COPY public.project_divisions (division, title, description, file, project_id) FROM stdin;
3	Instructor Dashboard	Tools for instructors to create and manage courses, upload content, and monitor student progress.	projects/Eurobank/2/Full.zip	2
1	User Authentication	Secure user login and registration system for team members.	projects/Telemarketing/1/SpotifySetup.exe	1
4	Infrastructure Assessment	Analyzing the current infrastructure to identify components suitable for cloud migration.		2
5	Strategy Formulation	Developing a comprehensive strategy for a seamless transition to cloud-based systems.		1
6	Resource Allocation	Allocating necessary resources and defining roles for the migration process.		10
7	Data Migration	Migrating critical data and applications to the designated cloud platform.		5
8	System Testing	Conducting rigorous testing to ensure the functionality and reliability of the new cloud system.		4
9	Training & Adoption	Training employees on utilizing the new cloud infrastructure effectively.		8
10	Performance Optimization	Optimizing the cloud setup for enhanced performance and cost-efficiency.		6
11	Security Enhancement	Strengthening security measures to protect data stored in the cloud.		6
12	Continuous Monitoring	Implementing monitoring tools for ongoing assessment and maintenance.		7
13	User Experience Upgrade	Improving UI/UX elements for better navigation and customer engagement.		2
14	Payment Gateway Integration	Integrating additional secure payment gateways to expand customer payment options.		1
15	Mobile App Development	Developing a responsive mobile application for improved accessibility.		5
16	Database Optimization	Optimizing database architecture for faster query response and data handling.		5
17	Server Upgradation	Upgrading server infrastructure to accommodate increased traffic and transactions.		4
18	API Integration	Integrating APIs for third-party services to enhance platform functionality.		8
19	SEO Enhancement	Improving SEO strategies to increase organic traffic and visibility.		8
20	Data Analytics Implementation	Implementing analytics tools for understanding user behavior and preferences.		6
21	Marketing Campaign Launch	Launching targeted marketing campaigns for product promotion.		7
22	Infrastructure Assessment	Analyzing the current infrastructure to identify components suitable for cloud migration.		9
2	Task Creation and Assignment	Users can create tasks, set deadlines, and assign them to specific team members or groups.	projects/Telemarketing/1/TP4815_TP5066.zip	10
\.


--
-- TOC entry 3761 (class 0 OID 29289)
-- Dependencies: 273
-- Data for Name: projects; Type: TABLE DATA; Schema: public; Owner: postgres
--

COPY public.projects (project_id, title, description, phase, start_date, finish_date, company_id) FROM stdin;
1	Start up project of Telemarketing	The Task Management System is a web application designed to help teams efficiently manage tasks, deadlines, and collaborations within a company or organization. The system allows users to create, assign, track, and prioritize tasks across different teams or departments.	I	2024-01-01	2024-07-01	2
2	Online Learning Platform	Certainly! Here's an IT project idea:\r\n\r\nProject Title: Online Learning Platform\r\n\r\nProject Description:\r\nAn Online Learning Platform that offers a variety of courses for users to learn new skills, access educational content, and interact with instructors or peers. The platform will provide an intuitive interface for both learners and instructors, allowing users to enroll in courses, track progress, and engage in discussions.	I	2024-03-14	2024-07-17	1
4	Cloud Migration Initiative	Migrating company systems to cloud-based infrastructure for enhanced scalability.	I	2024-03-15	2024-12-30	4
5	Cybersecurity Overhaul	Implementing advanced security protocols and measures for data protection.	I	2024-01-10	2024-09-25	4
6	Enterprise Resource Planning (ERP) Integration	Integrating various ERP systems to streamline organizational processes.	I	2024-05-20	2025-02-10	5
7	AI-Powered Automation Implementation	Implementing AI-driven automation solutions for improved operational efficiency.	I	2024-06-08	2025-03-20	5
8	Data Analytics Platform Development	Description: Developing a robust data analytics platform for insightful business decisions.	I	2024-04-12	2025-01-28	5
9	Mobile App Enhancement	Upgrading and enhancing the existing mobile application for better user experience.	I	2024-02-25	2024-11-10	6
10	Network Infrastructure Optimization	Optimizing network infrastructure for improved performance and reliability.	I	2024-07-19	2025-04-05	2
\.


--
-- TOC entry 3726 (class 0 OID 20426)
-- Dependencies: 238
-- Data for Name: university_details; Type: TABLE DATA; Schema: public; Owner: postgres
--

COPY public.university_details (id, name, graduation, degree, user_id) FROM stdin;
1	Technical University Of Crete	2023-08-07	Software Engineer	1
2	Harvard University	2015-04-11	Master of Business Administration	3
3	University of Oxford	2022-01-14	Master of Science (MS) in Computer Science	2
4	Stanford University	2011-04-12	Master of Science (MS) in Computer Science	7
5	ETH Zurich (Swiss Federal Institute of Technology)	2011-12-27	Master of Science (MSc) in Mechanical Engineering	9
6	ETH Zurich (Swiss Federal Institute of Technology)	2014-07-12	Master of Science (MSc) in Mechanical Engineering	1
7	Stanford University	2020-12-24	Master of Business Administration (MBA)	10
8	Harvard University	2020-12-24	Bachelor of Science in Computer Science	11
9	Massachusetts Institute of Technology (MIT)	2020-05-30	Bachelor of Science in Mechanical Engineering	12
10	University of Oxford	2018-09-28	Doctor of Philosophy (Ph.D.) in Economics	13
11	Massachusetts Institute of Technology (MIT)	2017-11-05	Bachelor of Science in Mechanical Engineering	14
\.


--
-- TOC entry 3724 (class 0 OID 20414)
-- Dependencies: 236
-- Data for Name: users; Type: TABLE DATA; Schema: public; Owner: postgres
--

COPY public.users (user_id, firstname, midname, lastname, slug, occupation, gender, image, about, country, create_date, phone) FROM stdin;
3	George	\N	Papadakis	george-papadakis	Software Engineer	M			Greece	2023-11-09 14:14:11.560375+02	+306942885327
1	Christos	\N	Borakis	christos-borakis	Software Engineer	M	user_image/IMG_20210917_093952_UUOMnem.jpg	Im a software engineer student	Greece	2023-11-08 17:39:42.454918+02	+306948215695
2	Alexis	\N	Papadakis	alexis-papadakis	Network Engineer	M			United Kingdom	2023-11-08 17:40:53.521909+02	+306945269530
7	Petros	\N	Petrakis	petros-petrakis	Developer	M		dsfsagfasfsa	Greece	2023-12-12 12:08:54.392518+02	+306915487523
9	Dimitra	\N	Iwannou	dimitra-iwannou	Developer	F			Greece	2023-12-26 16:05:20.287028+02	+306984576230
10	Emily	\N	Rodriguez	emily-rodriguez	Software Engineer	F		Emily is passionate about coding and creating innovative software solutions. She enjoys hiking and photography in her free time.	United States	2023-12-27 15:10:16.294147+02	+12125552368
11	Alexander	\N	Patel	alexander-patel	Doctor	M		Alexander is a dedicated physician working in a local hospital. He loves playing the piano and volunteers at a charity for underprivileged children.	United Kingdom	2023-12-27 15:10:51.49033+02	+442012345678
12	Sofia	\N	Chang	sofia-chang	Graphic Designer	F		Sofia is an artistic soul passionate about visual storytelling. She enjoys traveling to explore diverse cultures and find inspiration for her designs.	China	2023-12-27 15:11:24.252735+02	+861087654321
13	Javier	\N	Fernandez	javier-fernandez	Marketing Manager	M		Javier is a creative marketing professional with a knack for digital campaigns. He loves playing soccer and volunteers at a local animal shelter.	Spain	2023-12-27 15:11:53.526368+02	+34915554321
14	Aisha	\N	Khan	aisha-khan	Teacher	F		Aisha is an enthusiastic educator devoted to shaping young minds. She enjoys reading classic literature and participating in community outreach programs.	Pakistan	2023-12-27 15:12:38.799471+02	+925198765432
15	Peter	\N	Willson	peter-willson	Software Engineer	M		Highly motivated professional with a proven track record in project management and a knack for fostering collaborative work environments to drive team success.	Greece	2023-12-28 15:09:41.148147+02	+306948532150
16	Emily	\N	Johnson	emily-johnson	Software Engineer	F		Passionate about coding, loves hiking, and exploring new technologies.	United States	2023-12-28 16:33:20.900988+02	+15624852001
17	Daniel	\N	Garcia	daniel-garcia	Marketing Manager	M		Enthusiastic about creative campaigns, enjoys photography and traveling.	Canada	2023-12-28 16:34:20.404627+02	+14155559876
18	Sofia	\N	Andersson	sofia-andersson	Financial Analyst	F		Detail-oriented, passionate about finance, loves playing tennis.	Sweden	2023-12-28 16:36:55.61703+02	+46701234567
19	Liam	\N	Patel	liam-patel	Graphic Designer	M		Creative and artistic, enjoys sketching, and exploring new design trends.	United Kingdom	2023-12-28 16:37:26.22043+02	+442087654321
20	Chloe	\N	Kim	chloe-kim	Data Scientist	F		Analytical thinker, passionate about data analysis, enjoys playing the piano.	South Korea	2023-12-28 16:37:54.850016+02	+821012345678
\.


--
-- TOC entry 3723 (class 0 OID 20405)
-- Dependencies: 235
-- Data for Name: users_credentials; Type: TABLE DATA; Schema: public; Owner: postgres
--

COPY public.users_credentials (user_id, email, password) FROM stdin;
3	aa@gmail.com	pbkdf2_sha256$600000$TJ63EvnSFx72skjAZE5MmV$DYSZ8fREdZ4rQJ6eTlkxVsy4lzjca7EO2jij3RLNcy4=
2	second@mail.gr	pbkdf2_sha256$600000$aOMEzlkuPRinKEv9Xmsu0Q$E19/yLwuYL7b6UBybXTF2dD7giEO4P5f3KPHqal0P+A=
1	first@email.com	pbkdf2_sha256$600000$qtKOFJvcz1Eo8g1ienIf1T$8XFnqLWScQbJhFK2++TXicAdwfps4LLYc5odliiJHS4=
7	petros@gmail.com	pbkdf2_sha256$600000$CoC8a6goODTZcvXcw2r0QB$14YwsiTQxfWDc3N4kJzxPsrM+mdOXUe/fFK6vH0pNdU=
9	dimitra@gmail.com	pbkdf2_sha256$600000$sFnyDDcr7rzZ1EgofIHP3Z$bUZSvPqrxi4NbE5vTln8DJ6lMeizxdWh4kkN1T4eFaM=
10	RodriguezEmily@gmail.com	pbkdf2_sha256$600000$gmNTlNe4HTbYIIEXS6Ir73$6ELsV80nmoP+sqZ90KpGUsfilvQIVzhFAFvruoqOG0A=
11	AlexanderPatel@yahoo.com	pbkdf2_sha256$600000$9h0BG00XcWtLhSNLXXjfJr$gz87BKYyNe328QEVh8+A5VOXnqzoBJoTjCAuzJ1kSqM=
12	SofiaChang@gmail.com	pbkdf2_sha256$600000$DiXmFN3hiSXB145w2TpHSI$2N2G+BfUg0EgvqsAiHf9cQU6mMgf3OTwxtbix3FYn7I=
13	JavierFernandez@gmail.com	pbkdf2_sha256$600000$p61rr5FHWURCxmPnwHURGV$LqQz8pq5Ylp+Np+Mh5XRM7IfjAHpfV1f5pg6hLZ9/U0=
14	AishaKhan@gmail.com	pbkdf2_sha256$600000$baZeMheMqtPeNlOLeNB19i$ZcYwC/QhpHovswlz7u8amCqxhJqo2PnvugsZFyL6C/U=
15	peter123@gmail.com	pbkdf2_sha256$600000$fKrqLnFysOk96shvYjzemo$lOYTToaD0+D5+3hBrZG6xHe1pMNH46BYghTfe8UD7ek=
16	EmilyJohnson@gmail.com	pbkdf2_sha256$600000$Rt3IHOokWJVIQpL0RI1acH$sNeHNeFXvRW7lg/HiR4UWcFa+LnlI0MVQf6nmeu7oII=
17	DanielGarcia@gmail.com	pbkdf2_sha256$600000$rKSse04m1bRNiByoDV8nf5$1LfWzyd+OMlPBdKqrsbJJsW8YKTmZNfACm0D+unkTk8=
18	SofiaAndersson@yahoo.com	pbkdf2_sha256$600000$7LfAF7bcunpTHV1MtEQEV6$HdX2Q3Ew/TmvyRJkUxxoAcDAZVC4O8e8e8UtvRITovU=
19	LiamPatel@gmail.com	pbkdf2_sha256$600000$v0lYbJUJZO5H53puQzhrke$Cl0TjiazBBjCsogFfVOScGhdHjmO3e3XNlFxB4jKgLo=
20	ChloeKim@yahoo.com	pbkdf2_sha256$600000$BHVOJdc9s23fdjd8pYXFTm$OFhFH+R2HavnxLIWx41NG6ouHXUS4zZtCNxa8Q70CM4=
\.


--
-- TOC entry 3733 (class 0 OID 20569)
-- Dependencies: 245
-- Data for Name: work_requests; Type: TABLE DATA; Schema: public; Owner: postgres
--

COPY public.work_requests (id, user_id, company_id, status) FROM stdin;
26	3	2	A
33	2	2	A
34	7	1	A
36	9	4	A
37	10	5	A
38	11	5	P
39	12	6	A
40	14	6	A
41	15	4	A
42	16	7	A
43	17	5	A
44	18	4	A
45	19	7	A
46	20	1	A
23	1	1	A
\.


--
-- TOC entry 3737 (class 0 OID 20656)
-- Dependencies: 249
-- Data for Name: works_on; Type: TABLE DATA; Schema: public; Owner: postgres
--

COPY public.works_on (id, employee_id, is_admin) FROM stdin;
36	26	f
45	34	f
25	23	t
49	39	f
50	40	t
44	33	t
48	37	t
47	36	t
51	41	f
52	42	f
53	43	f
54	44	f
55	45	f
56	46	f
\.


--
-- TOC entry 3775 (class 0 OID 0)
-- Dependencies: 214
-- Name: address_id_seq; Type: SEQUENCE SET; Schema: public; Owner: postgres
--

SELECT pg_catalog.setval('public.address_id_seq', 7, true);


--
-- TOC entry 3776 (class 0 OID 0)
-- Dependencies: 222
-- Name: auth_group_id_seq; Type: SEQUENCE SET; Schema: public; Owner: postgres
--

SELECT pg_catalog.setval('public.auth_group_id_seq', 1, false);


--
-- TOC entry 3777 (class 0 OID 0)
-- Dependencies: 224
-- Name: auth_group_permissions_id_seq; Type: SEQUENCE SET; Schema: public; Owner: postgres
--

SELECT pg_catalog.setval('public.auth_group_permissions_id_seq', 1, false);


--
-- TOC entry 3778 (class 0 OID 0)
-- Dependencies: 220
-- Name: auth_permission_id_seq; Type: SEQUENCE SET; Schema: public; Owner: postgres
--

SELECT pg_catalog.setval('public.auth_permission_id_seq', 172, true);


--
-- TOC entry 3779 (class 0 OID 0)
-- Dependencies: 228
-- Name: auth_user_groups_id_seq; Type: SEQUENCE SET; Schema: public; Owner: postgres
--

SELECT pg_catalog.setval('public.auth_user_groups_id_seq', 1, false);


--
-- TOC entry 3780 (class 0 OID 0)
-- Dependencies: 226
-- Name: auth_user_id_seq; Type: SEQUENCE SET; Schema: public; Owner: postgres
--

SELECT pg_catalog.setval('public.auth_user_id_seq', 1, true);


--
-- TOC entry 3781 (class 0 OID 0)
-- Dependencies: 230
-- Name: auth_user_user_permissions_id_seq; Type: SEQUENCE SET; Schema: public; Owner: postgres
--

SELECT pg_catalog.setval('public.auth_user_user_permissions_id_seq', 1, false);


--
-- TOC entry 3782 (class 0 OID 0)
-- Dependencies: 241
-- Name: companies_company_id_seq; Type: SEQUENCE SET; Schema: public; Owner: postgres
--

SELECT pg_catalog.setval('public.companies_company_id_seq', 7, true);


--
-- TOC entry 3783 (class 0 OID 0)
-- Dependencies: 232
-- Name: django_admin_log_id_seq; Type: SEQUENCE SET; Schema: public; Owner: postgres
--

SELECT pg_catalog.setval('public.django_admin_log_id_seq', 683, true);


--
-- TOC entry 3784 (class 0 OID 0)
-- Dependencies: 218
-- Name: django_content_type_id_seq; Type: SEQUENCE SET; Schema: public; Owner: postgres
--

SELECT pg_catalog.setval('public.django_content_type_id_seq', 39, true);


--
-- TOC entry 3785 (class 0 OID 0)
-- Dependencies: 216
-- Name: django_migrations_id_seq; Type: SEQUENCE SET; Schema: public; Owner: postgres
--

SELECT pg_catalog.setval('public.django_migrations_id_seq', 38, true);


--
-- TOC entry 3786 (class 0 OID 0)
-- Dependencies: 239
-- Name: education_details_id_seq; Type: SEQUENCE SET; Schema: public; Owner: postgres
--

SELECT pg_catalog.setval('public.education_details_id_seq', 2, true);


--
-- TOC entry 3787 (class 0 OID 0)
-- Dependencies: 260
-- Name: friend_requests_id_seq; Type: SEQUENCE SET; Schema: public; Owner: postgres
--

SELECT pg_catalog.setval('public.friend_requests_id_seq', 16, true);


--
-- TOC entry 3788 (class 0 OID 0)
-- Dependencies: 262
-- Name: friends_id_seq; Type: SEQUENCE SET; Schema: public; Owner: postgres
--

SELECT pg_catalog.setval('public.friends_id_seq', 42, true);


--
-- TOC entry 3789 (class 0 OID 0)
-- Dependencies: 280
-- Name: group_chat_conversation_id_seq; Type: SEQUENCE SET; Schema: public; Owner: postgres
--

SELECT pg_catalog.setval('public.group_chat_conversation_id_seq', 14, true);


--
-- TOC entry 3790 (class 0 OID 0)
-- Dependencies: 268
-- Name: group_chats_admins_id_seq; Type: SEQUENCE SET; Schema: public; Owner: postgres
--

SELECT pg_catalog.setval('public.group_chats_admins_id_seq', 11, true);


--
-- TOC entry 3791 (class 0 OID 0)
-- Dependencies: 266
-- Name: group_chats_group_id_seq; Type: SEQUENCE SET; Schema: public; Owner: postgres
--

SELECT pg_catalog.setval('public.group_chats_group_id_seq', 5, true);


--
-- TOC entry 3792 (class 0 OID 0)
-- Dependencies: 270
-- Name: group_chats_members_id_seq; Type: SEQUENCE SET; Schema: public; Owner: postgres
--

SELECT pg_catalog.setval('public.group_chats_members_id_seq', 12, true);


--
-- TOC entry 3793 (class 0 OID 0)
-- Dependencies: 256
-- Name: posts_private_comments_id_seq; Type: SEQUENCE SET; Schema: public; Owner: postgres
--

SELECT pg_catalog.setval('public.posts_private_comments_id_seq', 12, true);


--
-- TOC entry 3794 (class 0 OID 0)
-- Dependencies: 250
-- Name: posts_private_likes_id_seq; Type: SEQUENCE SET; Schema: public; Owner: postgres
--

SELECT pg_catalog.setval('public.posts_private_likes_id_seq', 22, true);


--
-- TOC entry 3795 (class 0 OID 0)
-- Dependencies: 246
-- Name: posts_private_post_id_seq; Type: SEQUENCE SET; Schema: public; Owner: postgres
--

SELECT pg_catalog.setval('public.posts_private_post_id_seq', 33, true);


--
-- TOC entry 3796 (class 0 OID 0)
-- Dependencies: 258
-- Name: posts_public_comments_id_seq; Type: SEQUENCE SET; Schema: public; Owner: postgres
--

SELECT pg_catalog.setval('public.posts_public_comments_id_seq', 12, true);


--
-- TOC entry 3797 (class 0 OID 0)
-- Dependencies: 254
-- Name: posts_public_likes_id_seq; Type: SEQUENCE SET; Schema: public; Owner: postgres
--

SELECT pg_catalog.setval('public.posts_public_likes_id_seq', 15, true);


--
-- TOC entry 3798 (class 0 OID 0)
-- Dependencies: 252
-- Name: posts_public_post_id_seq; Type: SEQUENCE SET; Schema: public; Owner: postgres
--

SELECT pg_catalog.setval('public.posts_public_post_id_seq', 7, true);


--
-- TOC entry 3799 (class 0 OID 0)
-- Dependencies: 264
-- Name: private_chat_message_id_seq; Type: SEQUENCE SET; Schema: public; Owner: postgres
--

SELECT pg_catalog.setval('public.private_chat_message_id_seq', 209, true);


--
-- TOC entry 3800 (class 0 OID 0)
-- Dependencies: 278
-- Name: project_admins_id_seq; Type: SEQUENCE SET; Schema: public; Owner: postgres
--

SELECT pg_catalog.setval('public.project_admins_id_seq', 2, true);


--
-- TOC entry 3801 (class 0 OID 0)
-- Dependencies: 276
-- Name: project_assign_participant_id_seq; Type: SEQUENCE SET; Schema: public; Owner: postgres
--

SELECT pg_catalog.setval('public.project_assign_participant_id_seq', 26, true);


--
-- TOC entry 3802 (class 0 OID 0)
-- Dependencies: 274
-- Name: project_divisions_division_seq; Type: SEQUENCE SET; Schema: public; Owner: postgres
--

SELECT pg_catalog.setval('public.project_divisions_division_seq', 22, true);


--
-- TOC entry 3803 (class 0 OID 0)
-- Dependencies: 272
-- Name: projects_project_id_seq; Type: SEQUENCE SET; Schema: public; Owner: postgres
--

SELECT pg_catalog.setval('public.projects_project_id_seq', 10, true);


--
-- TOC entry 3804 (class 0 OID 0)
-- Dependencies: 237
-- Name: university_details_id_seq; Type: SEQUENCE SET; Schema: public; Owner: postgres
--

SELECT pg_catalog.setval('public.university_details_id_seq', 11, true);


--
-- TOC entry 3805 (class 0 OID 0)
-- Dependencies: 234
-- Name: users_credentials_user_id_seq; Type: SEQUENCE SET; Schema: public; Owner: postgres
--

SELECT pg_catalog.setval('public.users_credentials_user_id_seq', 20, true);


--
-- TOC entry 3806 (class 0 OID 0)
-- Dependencies: 244
-- Name: work_requests_id_seq; Type: SEQUENCE SET; Schema: public; Owner: postgres
--

SELECT pg_catalog.setval('public.work_requests_id_seq', 46, true);


--
-- TOC entry 3807 (class 0 OID 0)
-- Dependencies: 248
-- Name: works_on_id_seq; Type: SEQUENCE SET; Schema: public; Owner: postgres
--

SELECT pg_catalog.setval('public.works_on_id_seq', 56, true);


--
-- TOC entry 3350 (class 2606 OID 20257)
-- Name: address address_pkey; Type: CONSTRAINT; Schema: public; Owner: postgres
--

ALTER TABLE ONLY public.address
    ADD CONSTRAINT address_pkey PRIMARY KEY (id);


--
-- TOC entry 3364 (class 2606 OID 20402)
-- Name: auth_group auth_group_name_key; Type: CONSTRAINT; Schema: public; Owner: postgres
--

ALTER TABLE ONLY public.auth_group
    ADD CONSTRAINT auth_group_name_key UNIQUE (name);


--
-- TOC entry 3369 (class 2606 OID 20333)
-- Name: auth_group_permissions auth_group_permissions_group_id_permission_id_0cd325b0_uniq; Type: CONSTRAINT; Schema: public; Owner: postgres
--

ALTER TABLE ONLY public.auth_group_permissions
    ADD CONSTRAINT auth_group_permissions_group_id_permission_id_0cd325b0_uniq UNIQUE (group_id, permission_id);


--
-- TOC entry 3372 (class 2606 OID 20302)
-- Name: auth_group_permissions auth_group_permissions_pkey; Type: CONSTRAINT; Schema: public; Owner: postgres
--

ALTER TABLE ONLY public.auth_group_permissions
    ADD CONSTRAINT auth_group_permissions_pkey PRIMARY KEY (id);


--
-- TOC entry 3366 (class 2606 OID 20294)
-- Name: auth_group auth_group_pkey; Type: CONSTRAINT; Schema: public; Owner: postgres
--

ALTER TABLE ONLY public.auth_group
    ADD CONSTRAINT auth_group_pkey PRIMARY KEY (id);


--
-- TOC entry 3359 (class 2606 OID 20324)
-- Name: auth_permission auth_permission_content_type_id_codename_01ab375a_uniq; Type: CONSTRAINT; Schema: public; Owner: postgres
--

ALTER TABLE ONLY public.auth_permission
    ADD CONSTRAINT auth_permission_content_type_id_codename_01ab375a_uniq UNIQUE (content_type_id, codename);


--
-- TOC entry 3361 (class 2606 OID 20288)
-- Name: auth_permission auth_permission_pkey; Type: CONSTRAINT; Schema: public; Owner: postgres
--

ALTER TABLE ONLY public.auth_permission
    ADD CONSTRAINT auth_permission_pkey PRIMARY KEY (id);


--
-- TOC entry 3380 (class 2606 OID 20316)
-- Name: auth_user_groups auth_user_groups_pkey; Type: CONSTRAINT; Schema: public; Owner: postgres
--

ALTER TABLE ONLY public.auth_user_groups
    ADD CONSTRAINT auth_user_groups_pkey PRIMARY KEY (id);


--
-- TOC entry 3383 (class 2606 OID 20348)
-- Name: auth_user_groups auth_user_groups_user_id_group_id_94350c0c_uniq; Type: CONSTRAINT; Schema: public; Owner: postgres
--

ALTER TABLE ONLY public.auth_user_groups
    ADD CONSTRAINT auth_user_groups_user_id_group_id_94350c0c_uniq UNIQUE (user_id, group_id);


--
-- TOC entry 3374 (class 2606 OID 20308)
-- Name: auth_user auth_user_pkey; Type: CONSTRAINT; Schema: public; Owner: postgres
--

ALTER TABLE ONLY public.auth_user
    ADD CONSTRAINT auth_user_pkey PRIMARY KEY (id);


--
-- TOC entry 3386 (class 2606 OID 20322)
-- Name: auth_user_user_permissions auth_user_user_permissions_pkey; Type: CONSTRAINT; Schema: public; Owner: postgres
--

ALTER TABLE ONLY public.auth_user_user_permissions
    ADD CONSTRAINT auth_user_user_permissions_pkey PRIMARY KEY (id);


--
-- TOC entry 3389 (class 2606 OID 20362)
-- Name: auth_user_user_permissions auth_user_user_permissions_user_id_permission_id_14a6b632_uniq; Type: CONSTRAINT; Schema: public; Owner: postgres
--

ALTER TABLE ONLY public.auth_user_user_permissions
    ADD CONSTRAINT auth_user_user_permissions_user_id_permission_id_14a6b632_uniq UNIQUE (user_id, permission_id);


--
-- TOC entry 3377 (class 2606 OID 20397)
-- Name: auth_user auth_user_username_key; Type: CONSTRAINT; Schema: public; Owner: postgres
--

ALTER TABLE ONLY public.auth_user
    ADD CONSTRAINT auth_user_username_key UNIQUE (username);


--
-- TOC entry 3413 (class 2606 OID 20470)
-- Name: companies companies_company_name_key; Type: CONSTRAINT; Schema: public; Owner: postgres
--

ALTER TABLE ONLY public.companies
    ADD CONSTRAINT companies_company_name_key UNIQUE (company_name);


--
-- TOC entry 3415 (class 2606 OID 20468)
-- Name: companies companies_pkey; Type: CONSTRAINT; Schema: public; Owner: postgres
--

ALTER TABLE ONLY public.companies
    ADD CONSTRAINT companies_pkey PRIMARY KEY (company_id);


--
-- TOC entry 3418 (class 2606 OID 20472)
-- Name: companies companies_slug_key; Type: CONSTRAINT; Schema: public; Owner: postgres
--

ALTER TABLE ONLY public.companies
    ADD CONSTRAINT companies_slug_key UNIQUE (slug);


--
-- TOC entry 3392 (class 2606 OID 20383)
-- Name: django_admin_log django_admin_log_pkey; Type: CONSTRAINT; Schema: public; Owner: postgres
--

ALTER TABLE ONLY public.django_admin_log
    ADD CONSTRAINT django_admin_log_pkey PRIMARY KEY (id);


--
-- TOC entry 3354 (class 2606 OID 20282)
-- Name: django_content_type django_content_type_app_label_model_76bd3d3b_uniq; Type: CONSTRAINT; Schema: public; Owner: postgres
--

ALTER TABLE ONLY public.django_content_type
    ADD CONSTRAINT django_content_type_app_label_model_76bd3d3b_uniq UNIQUE (app_label, model);


--
-- TOC entry 3356 (class 2606 OID 20280)
-- Name: django_content_type django_content_type_pkey; Type: CONSTRAINT; Schema: public; Owner: postgres
--

ALTER TABLE ONLY public.django_content_type
    ADD CONSTRAINT django_content_type_pkey PRIMARY KEY (id);


--
-- TOC entry 3352 (class 2606 OID 20274)
-- Name: django_migrations django_migrations_pkey; Type: CONSTRAINT; Schema: public; Owner: postgres
--

ALTER TABLE ONLY public.django_migrations
    ADD CONSTRAINT django_migrations_pkey PRIMARY KEY (id);


--
-- TOC entry 3421 (class 2606 OID 20535)
-- Name: django_session django_session_pkey; Type: CONSTRAINT; Schema: public; Owner: postgres
--

ALTER TABLE ONLY public.django_session
    ADD CONSTRAINT django_session_pkey PRIMARY KEY (session_key);


--
-- TOC entry 3408 (class 2606 OID 20436)
-- Name: education_details education_details_pkey; Type: CONSTRAINT; Schema: public; Owner: postgres
--

ALTER TABLE ONLY public.education_details
    ADD CONSTRAINT education_details_pkey PRIMARY KEY (id);


--
-- TOC entry 3464 (class 2606 OID 29165)
-- Name: friend_requests friend_requests_pkey; Type: CONSTRAINT; Schema: public; Owner: postgres
--

ALTER TABLE ONLY public.friend_requests
    ADD CONSTRAINT friend_requests_pkey PRIMARY KEY (id);


--
-- TOC entry 3470 (class 2606 OID 29171)
-- Name: friends friends_pkey; Type: CONSTRAINT; Schema: public; Owner: postgres
--

ALTER TABLE ONLY public.friends
    ADD CONSTRAINT friends_pkey PRIMARY KEY (id);


--
-- TOC entry 3504 (class 2606 OID 37537)
-- Name: group_chat group_chat_conversation_pkey; Type: CONSTRAINT; Schema: public; Owner: postgres
--

ALTER TABLE ONLY public.group_chat
    ADD CONSTRAINT group_chat_conversation_pkey PRIMARY KEY (id);


--
-- TOC entry 3481 (class 2606 OID 37522)
-- Name: group_admins group_chats_admins_pkey; Type: CONSTRAINT; Schema: public; Owner: postgres
--

ALTER TABLE ONLY public.group_admins
    ADD CONSTRAINT group_chats_admins_pkey PRIMARY KEY (id);


--
-- TOC entry 3484 (class 2606 OID 37561)
-- Name: group_members group_chats_members_group_id_member_id_86a8d18e_uniq; Type: CONSTRAINT; Schema: public; Owner: postgres
--

ALTER TABLE ONLY public.group_members
    ADD CONSTRAINT group_chats_members_group_id_member_id_86a8d18e_uniq UNIQUE (group_id, member_id);


--
-- TOC entry 3487 (class 2606 OID 37512)
-- Name: group_members group_chats_members_pkey; Type: CONSTRAINT; Schema: public; Owner: postgres
--

ALTER TABLE ONLY public.group_members
    ADD CONSTRAINT group_chats_members_pkey PRIMARY KEY (id);


--
-- TOC entry 3477 (class 2606 OID 29237)
-- Name: groups group_chats_pkey; Type: CONSTRAINT; Schema: public; Owner: postgres
--

ALTER TABLE ONLY public.groups
    ADD CONSTRAINT group_chats_pkey PRIMARY KEY (group_id);


--
-- TOC entry 3457 (class 2606 OID 20785)
-- Name: posts_private_comments posts_private_comments_pkey; Type: CONSTRAINT; Schema: public; Owner: postgres
--

ALTER TABLE ONLY public.posts_private_comments
    ADD CONSTRAINT posts_private_comments_pkey PRIMARY KEY (id);


--
-- TOC entry 3443 (class 2606 OID 20703)
-- Name: posts_private_likes posts_private_likes_pkey; Type: CONSTRAINT; Schema: public; Owner: postgres
--

ALTER TABLE ONLY public.posts_private_likes
    ADD CONSTRAINT posts_private_likes_pkey PRIMARY KEY (id);


--
-- TOC entry 3433 (class 2606 OID 20623)
-- Name: posts_private posts_private_pkey; Type: CONSTRAINT; Schema: public; Owner: postgres
--

ALTER TABLE ONLY public.posts_private
    ADD CONSTRAINT posts_private_pkey PRIMARY KEY (post_id);


--
-- TOC entry 3436 (class 2606 OID 20625)
-- Name: posts_private posts_private_slug_key; Type: CONSTRAINT; Schema: public; Owner: postgres
--

ALTER TABLE ONLY public.posts_private
    ADD CONSTRAINT posts_private_slug_key UNIQUE (slug);


--
-- TOC entry 3461 (class 2606 OID 20793)
-- Name: posts_public_comments posts_public_comments_pkey; Type: CONSTRAINT; Schema: public; Owner: postgres
--

ALTER TABLE ONLY public.posts_public_comments
    ADD CONSTRAINT posts_public_comments_pkey PRIMARY KEY (id);


--
-- TOC entry 3453 (class 2606 OID 20765)
-- Name: posts_public_likes posts_public_likes_pkey; Type: CONSTRAINT; Schema: public; Owner: postgres
--

ALTER TABLE ONLY public.posts_public_likes
    ADD CONSTRAINT posts_public_likes_pkey PRIMARY KEY (id);


--
-- TOC entry 3447 (class 2606 OID 20750)
-- Name: posts_public posts_public_pkey; Type: CONSTRAINT; Schema: public; Owner: postgres
--

ALTER TABLE ONLY public.posts_public
    ADD CONSTRAINT posts_public_pkey PRIMARY KEY (post_id);


--
-- TOC entry 3450 (class 2606 OID 20752)
-- Name: posts_public posts_public_slug_key; Type: CONSTRAINT; Schema: public; Owner: postgres
--

ALTER TABLE ONLY public.posts_public
    ADD CONSTRAINT posts_public_slug_key UNIQUE (slug);


--
-- TOC entry 3472 (class 2606 OID 29209)
-- Name: private_chat private_chat_pkey; Type: CONSTRAINT; Schema: public; Owner: postgres
--

ALTER TABLE ONLY public.private_chat
    ADD CONSTRAINT private_chat_pkey PRIMARY KEY (message_id);


--
-- TOC entry 3500 (class 2606 OID 37485)
-- Name: project_admins project_admins_pkey; Type: CONSTRAINT; Schema: public; Owner: postgres
--

ALTER TABLE ONLY public.project_admins
    ADD CONSTRAINT project_admins_pkey PRIMARY KEY (id);


--
-- TOC entry 3497 (class 2606 OID 37479)
-- Name: project_assign project_assign_pkey; Type: CONSTRAINT; Schema: public; Owner: postgres
--

ALTER TABLE ONLY public.project_assign
    ADD CONSTRAINT project_assign_pkey PRIMARY KEY (participant_id);


--
-- TOC entry 3492 (class 2606 OID 29303)
-- Name: project_divisions project_divisions_pkey; Type: CONSTRAINT; Schema: public; Owner: postgres
--

ALTER TABLE ONLY public.project_divisions
    ADD CONSTRAINT project_divisions_pkey PRIMARY KEY (division);


--
-- TOC entry 3490 (class 2606 OID 29295)
-- Name: projects projects_pkey; Type: CONSTRAINT; Schema: public; Owner: postgres
--

ALTER TABLE ONLY public.projects
    ADD CONSTRAINT projects_pkey PRIMARY KEY (project_id);


--
-- TOC entry 3405 (class 2606 OID 20430)
-- Name: university_details university_details_pkey; Type: CONSTRAINT; Schema: public; Owner: postgres
--

ALTER TABLE ONLY public.university_details
    ADD CONSTRAINT university_details_pkey PRIMARY KEY (id);


--
-- TOC entry 3396 (class 2606 OID 20413)
-- Name: users_credentials users_credentials_email_key; Type: CONSTRAINT; Schema: public; Owner: postgres
--

ALTER TABLE ONLY public.users_credentials
    ADD CONSTRAINT users_credentials_email_key UNIQUE (email);


--
-- TOC entry 3398 (class 2606 OID 20411)
-- Name: users_credentials users_credentials_pkey; Type: CONSTRAINT; Schema: public; Owner: postgres
--

ALTER TABLE ONLY public.users_credentials
    ADD CONSTRAINT users_credentials_pkey PRIMARY KEY (user_id);


--
-- TOC entry 3400 (class 2606 OID 20420)
-- Name: users users_pkey; Type: CONSTRAINT; Schema: public; Owner: postgres
--

ALTER TABLE ONLY public.users
    ADD CONSTRAINT users_pkey PRIMARY KEY (user_id);


--
-- TOC entry 3403 (class 2606 OID 20422)
-- Name: users users_slug_key; Type: CONSTRAINT; Schema: public; Owner: postgres
--

ALTER TABLE ONLY public.users
    ADD CONSTRAINT users_slug_key UNIQUE (slug);


--
-- TOC entry 3425 (class 2606 OID 20575)
-- Name: work_requests work_requests_pkey; Type: CONSTRAINT; Schema: public; Owner: postgres
--

ALTER TABLE ONLY public.work_requests
    ADD CONSTRAINT work_requests_pkey PRIMARY KEY (id);


--
-- TOC entry 3428 (class 2606 OID 20593)
-- Name: work_requests work_requests_user_id_company_id_2ec177e5_uniq; Type: CONSTRAINT; Schema: public; Owner: postgres
--

ALTER TABLE ONLY public.work_requests
    ADD CONSTRAINT work_requests_user_id_company_id_2ec177e5_uniq UNIQUE (user_id, company_id);


--
-- TOC entry 3438 (class 2606 OID 20662)
-- Name: works_on works_on_employee_id_key; Type: CONSTRAINT; Schema: public; Owner: postgres
--

ALTER TABLE ONLY public.works_on
    ADD CONSTRAINT works_on_employee_id_key UNIQUE (employee_id);


--
-- TOC entry 3440 (class 2606 OID 20660)
-- Name: works_on works_on_pkey; Type: CONSTRAINT; Schema: public; Owner: postgres
--

ALTER TABLE ONLY public.works_on
    ADD CONSTRAINT works_on_pkey PRIMARY KEY (id);


--
-- TOC entry 3362 (class 1259 OID 20403)
-- Name: auth_group_name_a6ea08ec_like; Type: INDEX; Schema: public; Owner: postgres
--

CREATE INDEX auth_group_name_a6ea08ec_like ON public.auth_group USING btree (name varchar_pattern_ops);


--
-- TOC entry 3367 (class 1259 OID 20344)
-- Name: auth_group_permissions_group_id_b120cbf9; Type: INDEX; Schema: public; Owner: postgres
--

CREATE INDEX auth_group_permissions_group_id_b120cbf9 ON public.auth_group_permissions USING btree (group_id);


--
-- TOC entry 3370 (class 1259 OID 20345)
-- Name: auth_group_permissions_permission_id_84c5c92e; Type: INDEX; Schema: public; Owner: postgres
--

CREATE INDEX auth_group_permissions_permission_id_84c5c92e ON public.auth_group_permissions USING btree (permission_id);


--
-- TOC entry 3357 (class 1259 OID 20330)
-- Name: auth_permission_content_type_id_2f476e4b; Type: INDEX; Schema: public; Owner: postgres
--

CREATE INDEX auth_permission_content_type_id_2f476e4b ON public.auth_permission USING btree (content_type_id);


--
-- TOC entry 3378 (class 1259 OID 20360)
-- Name: auth_user_groups_group_id_97559544; Type: INDEX; Schema: public; Owner: postgres
--

CREATE INDEX auth_user_groups_group_id_97559544 ON public.auth_user_groups USING btree (group_id);


--
-- TOC entry 3381 (class 1259 OID 20359)
-- Name: auth_user_groups_user_id_6a12ed8b; Type: INDEX; Schema: public; Owner: postgres
--

CREATE INDEX auth_user_groups_user_id_6a12ed8b ON public.auth_user_groups USING btree (user_id);


--
-- TOC entry 3384 (class 1259 OID 20374)
-- Name: auth_user_user_permissions_permission_id_1fbb5f2c; Type: INDEX; Schema: public; Owner: postgres
--

CREATE INDEX auth_user_user_permissions_permission_id_1fbb5f2c ON public.auth_user_user_permissions USING btree (permission_id);


--
-- TOC entry 3387 (class 1259 OID 20373)
-- Name: auth_user_user_permissions_user_id_a95ead1b; Type: INDEX; Schema: public; Owner: postgres
--

CREATE INDEX auth_user_user_permissions_user_id_a95ead1b ON public.auth_user_user_permissions USING btree (user_id);


--
-- TOC entry 3375 (class 1259 OID 20398)
-- Name: auth_user_username_6821ab7c_like; Type: INDEX; Schema: public; Owner: postgres
--

CREATE INDEX auth_user_username_6821ab7c_like ON public.auth_user USING btree (username varchar_pattern_ops);


--
-- TOC entry 3410 (class 1259 OID 20527)
-- Name: companies_address_id_8557f630; Type: INDEX; Schema: public; Owner: postgres
--

CREATE INDEX companies_address_id_8557f630 ON public.companies USING btree (address_id);


--
-- TOC entry 3411 (class 1259 OID 20487)
-- Name: companies_company_name_edc57e35_like; Type: INDEX; Schema: public; Owner: postgres
--

CREATE INDEX companies_company_name_edc57e35_like ON public.companies USING btree (company_name text_pattern_ops);


--
-- TOC entry 3416 (class 1259 OID 20488)
-- Name: companies_slug_3d5676e3_like; Type: INDEX; Schema: public; Owner: postgres
--

CREATE INDEX companies_slug_3d5676e3_like ON public.companies USING btree (slug varchar_pattern_ops);


--
-- TOC entry 3390 (class 1259 OID 20394)
-- Name: django_admin_log_content_type_id_c4bce8eb; Type: INDEX; Schema: public; Owner: postgres
--

CREATE INDEX django_admin_log_content_type_id_c4bce8eb ON public.django_admin_log USING btree (content_type_id);


--
-- TOC entry 3393 (class 1259 OID 20395)
-- Name: django_admin_log_user_id_c564eba6; Type: INDEX; Schema: public; Owner: postgres
--

CREATE INDEX django_admin_log_user_id_c564eba6 ON public.django_admin_log USING btree (user_id);


--
-- TOC entry 3419 (class 1259 OID 20537)
-- Name: django_session_expire_date_a5c62663; Type: INDEX; Schema: public; Owner: postgres
--

CREATE INDEX django_session_expire_date_a5c62663 ON public.django_session USING btree (expire_date);


--
-- TOC entry 3422 (class 1259 OID 20536)
-- Name: django_session_session_key_c0390e0f_like; Type: INDEX; Schema: public; Owner: postgres
--

CREATE INDEX django_session_session_key_c0390e0f_like ON public.django_session USING btree (session_key varchar_pattern_ops);


--
-- TOC entry 3409 (class 1259 OID 20460)
-- Name: education_details_user_id_f2ae9da5; Type: INDEX; Schema: public; Owner: postgres
--

CREATE INDEX education_details_user_id_f2ae9da5 ON public.education_details USING btree (user_id);


--
-- TOC entry 3429 (class 1259 OID 20673)
-- Name: fki_post_private_author_is_in_company; Type: INDEX; Schema: public; Owner: postgres
--

CREATE INDEX fki_post_private_author_is_in_company ON public.posts_private USING btree (author_id);


--
-- TOC entry 3430 (class 1259 OID 20679)
-- Name: fki_post_private_author_works_in_company; Type: INDEX; Schema: public; Owner: postgres
--

CREATE INDEX fki_post_private_author_works_in_company ON public.posts_private USING btree (author_id);


--
-- TOC entry 3465 (class 1259 OID 29183)
-- Name: friend_requests_request_id_1e7bbea4; Type: INDEX; Schema: public; Owner: postgres
--

CREATE INDEX friend_requests_request_id_1e7bbea4 ON public.friend_requests USING btree (request_id);


--
-- TOC entry 3466 (class 1259 OID 29182)
-- Name: friend_requests_user1_id_b6554eaa; Type: INDEX; Schema: public; Owner: postgres
--

CREATE INDEX friend_requests_user1_id_b6554eaa ON public.friend_requests USING btree (user1_id);


--
-- TOC entry 3467 (class 1259 OID 29195)
-- Name: friends_friend_id_9e93323e; Type: INDEX; Schema: public; Owner: postgres
--

CREATE INDEX friends_friend_id_9e93323e ON public.friends USING btree (friend_id);


--
-- TOC entry 3468 (class 1259 OID 29194)
-- Name: friends_person_id_7bf040f6; Type: INDEX; Schema: public; Owner: postgres
--

CREATE INDEX friends_person_id_7bf040f6 ON public.friends USING btree (person_id);


--
-- TOC entry 3502 (class 1259 OID 37548)
-- Name: group_chat_conversation_group_id_3b0118e9; Type: INDEX; Schema: public; Owner: postgres
--

CREATE INDEX group_chat_conversation_group_id_3b0118e9 ON public.group_chat USING btree (group_id);


--
-- TOC entry 3505 (class 1259 OID 37549)
-- Name: group_chat_conversation_sender_id_b463139a; Type: INDEX; Schema: public; Owner: postgres
--

CREATE INDEX group_chat_conversation_sender_id_b463139a ON public.group_chat USING btree (sender_id);


--
-- TOC entry 3478 (class 1259 OID 29266)
-- Name: group_chats_admins_admin_id_8cb48cb9; Type: INDEX; Schema: public; Owner: postgres
--

CREATE INDEX group_chats_admins_admin_id_8cb48cb9 ON public.group_admins USING btree (admin_id);


--
-- TOC entry 3479 (class 1259 OID 29267)
-- Name: group_chats_admins_group_id_697494b2; Type: INDEX; Schema: public; Owner: postgres
--

CREATE INDEX group_chats_admins_group_id_697494b2 ON public.group_admins USING btree (group_id);


--
-- TOC entry 3475 (class 1259 OID 29255)
-- Name: group_chats_company_id_fca3dec8; Type: INDEX; Schema: public; Owner: postgres
--

CREATE INDEX group_chats_company_id_fca3dec8 ON public.groups USING btree (company_id);


--
-- TOC entry 3482 (class 1259 OID 29278)
-- Name: group_chats_members_group_id_96450827; Type: INDEX; Schema: public; Owner: postgres
--

CREATE INDEX group_chats_members_group_id_96450827 ON public.group_members USING btree (group_id);


--
-- TOC entry 3485 (class 1259 OID 29279)
-- Name: group_chats_members_member_id_74dacc34; Type: INDEX; Schema: public; Owner: postgres
--

CREATE INDEX group_chats_members_member_id_74dacc34 ON public.group_members USING btree (member_id);


--
-- TOC entry 3431 (class 1259 OID 20632)
-- Name: posts_private_author_id_4ae3eccb; Type: INDEX; Schema: public; Owner: postgres
--

CREATE INDEX posts_private_author_id_4ae3eccb ON public.posts_private USING btree (author_id);


--
-- TOC entry 3455 (class 1259 OID 20805)
-- Name: posts_private_comments_commentor_id_7308b77e; Type: INDEX; Schema: public; Owner: postgres
--

CREATE INDEX posts_private_comments_commentor_id_7308b77e ON public.posts_private_comments USING btree (commentor_id);


--
-- TOC entry 3458 (class 1259 OID 20804)
-- Name: posts_private_comments_post_id_8cf282d8; Type: INDEX; Schema: public; Owner: postgres
--

CREATE INDEX posts_private_comments_post_id_8cf282d8 ON public.posts_private_comments USING btree (post_id);


--
-- TOC entry 3441 (class 1259 OID 20715)
-- Name: posts_private_likes_like_id_1754e976; Type: INDEX; Schema: public; Owner: postgres
--

CREATE INDEX posts_private_likes_like_id_1754e976 ON public.posts_private_likes USING btree (like_id);


--
-- TOC entry 3444 (class 1259 OID 20714)
-- Name: posts_private_likes_post_id_id_2d914bce; Type: INDEX; Schema: public; Owner: postgres
--

CREATE INDEX posts_private_likes_post_id_id_2d914bce ON public.posts_private_likes USING btree (post_id);


--
-- TOC entry 3434 (class 1259 OID 20631)
-- Name: posts_private_slug_e21d96e9_like; Type: INDEX; Schema: public; Owner: postgres
--

CREATE INDEX posts_private_slug_e21d96e9_like ON public.posts_private USING btree (slug varchar_pattern_ops);


--
-- TOC entry 3445 (class 1259 OID 20759)
-- Name: posts_public_author_id_926fba88; Type: INDEX; Schema: public; Owner: postgres
--

CREATE INDEX posts_public_author_id_926fba88 ON public.posts_public USING btree (author_id);


--
-- TOC entry 3459 (class 1259 OID 20817)
-- Name: posts_public_comments_commentor_id_92e84f21; Type: INDEX; Schema: public; Owner: postgres
--

CREATE INDEX posts_public_comments_commentor_id_92e84f21 ON public.posts_public_comments USING btree (commentor_id);


--
-- TOC entry 3462 (class 1259 OID 20816)
-- Name: posts_public_comments_post_id_9f9f372f; Type: INDEX; Schema: public; Owner: postgres
--

CREATE INDEX posts_public_comments_post_id_9f9f372f ON public.posts_public_comments USING btree (post_id);


--
-- TOC entry 3451 (class 1259 OID 20777)
-- Name: posts_public_likes_like_id_ed8acb4f; Type: INDEX; Schema: public; Owner: postgres
--

CREATE INDEX posts_public_likes_like_id_ed8acb4f ON public.posts_public_likes USING btree (like_id);


--
-- TOC entry 3454 (class 1259 OID 20776)
-- Name: posts_public_likes_post_id_2f01f405; Type: INDEX; Schema: public; Owner: postgres
--

CREATE INDEX posts_public_likes_post_id_2f01f405 ON public.posts_public_likes USING btree (post_id);


--
-- TOC entry 3448 (class 1259 OID 20758)
-- Name: posts_public_slug_11d9eb21_like; Type: INDEX; Schema: public; Owner: postgres
--

CREATE INDEX posts_public_slug_11d9eb21_like ON public.posts_public USING btree (slug varchar_pattern_ops);


--
-- TOC entry 3473 (class 1259 OID 29220)
-- Name: private_chat_receiver_id_c1eadc9f; Type: INDEX; Schema: public; Owner: postgres
--

CREATE INDEX private_chat_receiver_id_c1eadc9f ON public.private_chat USING btree (receiver_id);


--
-- TOC entry 3474 (class 1259 OID 29221)
-- Name: private_chat_sender_id_2c6893e0; Type: INDEX; Schema: public; Owner: postgres
--

CREATE INDEX private_chat_sender_id_2c6893e0 ON public.private_chat USING btree (sender_id);


--
-- TOC entry 3498 (class 1259 OID 37509)
-- Name: project_admins_admin_id_1f6607cf; Type: INDEX; Schema: public; Owner: postgres
--

CREATE INDEX project_admins_admin_id_1f6607cf ON public.project_admins USING btree (admin_id);


--
-- TOC entry 3501 (class 1259 OID 37508)
-- Name: project_admins_project_id_969edefc; Type: INDEX; Schema: public; Owner: postgres
--

CREATE INDEX project_admins_project_id_969edefc ON public.project_admins USING btree (project_id);


--
-- TOC entry 3494 (class 1259 OID 37497)
-- Name: project_assign_assign_id_e4db568e; Type: INDEX; Schema: public; Owner: postgres
--

CREATE INDEX project_assign_assign_id_e4db568e ON public.project_assign USING btree (assign_id);


--
-- TOC entry 3495 (class 1259 OID 37496)
-- Name: project_assign_division_id_f9cdece7; Type: INDEX; Schema: public; Owner: postgres
--

CREATE INDEX project_assign_division_id_f9cdece7 ON public.project_assign USING btree (division_id);


--
-- TOC entry 3493 (class 1259 OID 29315)
-- Name: project_divisions_project_id_45f122e2; Type: INDEX; Schema: public; Owner: postgres
--

CREATE INDEX project_divisions_project_id_45f122e2 ON public.project_divisions USING btree (project_id);


--
-- TOC entry 3488 (class 1259 OID 29309)
-- Name: projects_company_id_7ce6d1e3; Type: INDEX; Schema: public; Owner: postgres
--

CREATE INDEX projects_company_id_7ce6d1e3 ON public.projects USING btree (company_id);


--
-- TOC entry 3406 (class 1259 OID 20454)
-- Name: university_details_user_id_ecf81596; Type: INDEX; Schema: public; Owner: postgres
--

CREATE INDEX university_details_user_id_ecf81596 ON public.university_details USING btree (user_id);


--
-- TOC entry 3394 (class 1259 OID 20437)
-- Name: users_credentials_email_f2431466_like; Type: INDEX; Schema: public; Owner: postgres
--

CREATE INDEX users_credentials_email_f2431466_like ON public.users_credentials USING btree (email varchar_pattern_ops);


--
-- TOC entry 3401 (class 1259 OID 20448)
-- Name: users_slug_cad3e0a0_like; Type: INDEX; Schema: public; Owner: postgres
--

CREATE INDEX users_slug_cad3e0a0_like ON public.users USING btree (slug varchar_pattern_ops);


--
-- TOC entry 3423 (class 1259 OID 20605)
-- Name: work_requests_company_id_ba6f765b; Type: INDEX; Schema: public; Owner: postgres
--

CREATE INDEX work_requests_company_id_ba6f765b ON public.work_requests USING btree (company_id);


--
-- TOC entry 3426 (class 1259 OID 20604)
-- Name: work_requests_user_id_85ace289; Type: INDEX; Schema: public; Owner: postgres
--

CREATE INDEX work_requests_user_id_85ace289 ON public.work_requests USING btree (user_id);


--
-- TOC entry 3556 (class 2620 OID 29197)
-- Name: friend_requests accepted_friend_trigger; Type: TRIGGER; Schema: public; Owner: postgres
--

CREATE TRIGGER accepted_friend_trigger AFTER INSERT OR UPDATE ON public.friend_requests FOR EACH ROW EXECUTE FUNCTION public.accepted_friend();


--
-- TOC entry 3557 (class 2620 OID 29201)
-- Name: friends delete_friend_request_trigger; Type: TRIGGER; Schema: public; Owner: postgres
--

CREATE TRIGGER delete_friend_request_trigger AFTER INSERT ON public.friends FOR EACH ROW EXECUTE FUNCTION public.delete_friend_request();


--
-- TOC entry 3558 (class 2620 OID 29199)
-- Name: friends delete_friend_trigger; Type: TRIGGER; Schema: public; Owner: postgres
--

CREATE TRIGGER delete_friend_trigger AFTER DELETE ON public.friends FOR EACH ROW EXECUTE FUNCTION public.delete_friend();


--
-- TOC entry 3553 (class 2620 OID 20737)
-- Name: works_on delete_work_request_trigger; Type: TRIGGER; Schema: public; Owner: postgres
--

CREATE TRIGGER delete_work_request_trigger AFTER INSERT ON public.works_on FOR EACH ROW EXECUTE FUNCTION public.delete_work_request();


--
-- TOC entry 3559 (class 2620 OID 29281)
-- Name: group_admins groupchat_admin_is_member_trigger; Type: TRIGGER; Schema: public; Owner: postgres
--

CREATE TRIGGER groupchat_admin_is_member_trigger AFTER INSERT ON public.group_admins FOR EACH ROW EXECUTE FUNCTION public.groupchat_admin_is_member();


--
-- TOC entry 3554 (class 2620 OID 20740)
-- Name: works_on on_delete_work_request_trigger; Type: TRIGGER; Schema: public; Owner: postgres
--

CREATE TRIGGER on_delete_work_request_trigger AFTER DELETE ON public.works_on FOR EACH ROW EXECUTE FUNCTION public.delete_work_request();


--
-- TOC entry 3551 (class 2620 OID 20742)
-- Name: work_requests on_delete_works_on_trigger; Type: TRIGGER; Schema: public; Owner: postgres
--

CREATE TRIGGER on_delete_works_on_trigger AFTER DELETE ON public.work_requests FOR EACH ROW EXECUTE FUNCTION public.delete_works_on();


--
-- TOC entry 3552 (class 2620 OID 20641)
-- Name: work_requests workrequests_accepted_trigger; Type: TRIGGER; Schema: public; Owner: postgres
--

CREATE TRIGGER workrequests_accepted_trigger AFTER INSERT OR UPDATE ON public.work_requests FOR EACH ROW EXECUTE FUNCTION public.insert_into_workson();


--
-- TOC entry 3555 (class 2620 OID 20738)
-- Name: works_on workrequests_accepted_trigger; Type: TRIGGER; Schema: public; Owner: postgres
--

CREATE TRIGGER workrequests_accepted_trigger BEFORE INSERT OR UPDATE ON public.works_on FOR EACH ROW EXECUTE FUNCTION public.insert_into_workson();


--
-- TOC entry 3507 (class 2606 OID 20339)
-- Name: auth_group_permissions auth_group_permissio_permission_id_84c5c92e_fk_auth_perm; Type: FK CONSTRAINT; Schema: public; Owner: postgres
--

ALTER TABLE ONLY public.auth_group_permissions
    ADD CONSTRAINT auth_group_permissio_permission_id_84c5c92e_fk_auth_perm FOREIGN KEY (permission_id) REFERENCES public.auth_permission(id) DEFERRABLE INITIALLY DEFERRED;


--
-- TOC entry 3508 (class 2606 OID 20334)
-- Name: auth_group_permissions auth_group_permissions_group_id_b120cbf9_fk_auth_group_id; Type: FK CONSTRAINT; Schema: public; Owner: postgres
--

ALTER TABLE ONLY public.auth_group_permissions
    ADD CONSTRAINT auth_group_permissions_group_id_b120cbf9_fk_auth_group_id FOREIGN KEY (group_id) REFERENCES public.auth_group(id) DEFERRABLE INITIALLY DEFERRED;


--
-- TOC entry 3506 (class 2606 OID 20325)
-- Name: auth_permission auth_permission_content_type_id_2f476e4b_fk_django_co; Type: FK CONSTRAINT; Schema: public; Owner: postgres
--

ALTER TABLE ONLY public.auth_permission
    ADD CONSTRAINT auth_permission_content_type_id_2f476e4b_fk_django_co FOREIGN KEY (content_type_id) REFERENCES public.django_content_type(id) DEFERRABLE INITIALLY DEFERRED;


--
-- TOC entry 3509 (class 2606 OID 20354)
-- Name: auth_user_groups auth_user_groups_group_id_97559544_fk_auth_group_id; Type: FK CONSTRAINT; Schema: public; Owner: postgres
--

ALTER TABLE ONLY public.auth_user_groups
    ADD CONSTRAINT auth_user_groups_group_id_97559544_fk_auth_group_id FOREIGN KEY (group_id) REFERENCES public.auth_group(id) DEFERRABLE INITIALLY DEFERRED;


--
-- TOC entry 3510 (class 2606 OID 20349)
-- Name: auth_user_groups auth_user_groups_user_id_6a12ed8b_fk_auth_user_id; Type: FK CONSTRAINT; Schema: public; Owner: postgres
--

ALTER TABLE ONLY public.auth_user_groups
    ADD CONSTRAINT auth_user_groups_user_id_6a12ed8b_fk_auth_user_id FOREIGN KEY (user_id) REFERENCES public.auth_user(id) DEFERRABLE INITIALLY DEFERRED;


--
-- TOC entry 3511 (class 2606 OID 20368)
-- Name: auth_user_user_permissions auth_user_user_permi_permission_id_1fbb5f2c_fk_auth_perm; Type: FK CONSTRAINT; Schema: public; Owner: postgres
--

ALTER TABLE ONLY public.auth_user_user_permissions
    ADD CONSTRAINT auth_user_user_permi_permission_id_1fbb5f2c_fk_auth_perm FOREIGN KEY (permission_id) REFERENCES public.auth_permission(id) DEFERRABLE INITIALLY DEFERRED;


--
-- TOC entry 3512 (class 2606 OID 20363)
-- Name: auth_user_user_permissions auth_user_user_permissions_user_id_a95ead1b_fk_auth_user_id; Type: FK CONSTRAINT; Schema: public; Owner: postgres
--

ALTER TABLE ONLY public.auth_user_user_permissions
    ADD CONSTRAINT auth_user_user_permissions_user_id_a95ead1b_fk_auth_user_id FOREIGN KEY (user_id) REFERENCES public.auth_user(id) DEFERRABLE INITIALLY DEFERRED;


--
-- TOC entry 3518 (class 2606 OID 20510)
-- Name: companies companies_address_id_8557f630_fk_address_id; Type: FK CONSTRAINT; Schema: public; Owner: postgres
--

ALTER TABLE ONLY public.companies
    ADD CONSTRAINT companies_address_id_8557f630_fk_address_id FOREIGN KEY (address_id) REFERENCES public.address(id) DEFERRABLE INITIALLY DEFERRED;


--
-- TOC entry 3513 (class 2606 OID 20384)
-- Name: django_admin_log django_admin_log_content_type_id_c4bce8eb_fk_django_co; Type: FK CONSTRAINT; Schema: public; Owner: postgres
--

ALTER TABLE ONLY public.django_admin_log
    ADD CONSTRAINT django_admin_log_content_type_id_c4bce8eb_fk_django_co FOREIGN KEY (content_type_id) REFERENCES public.django_content_type(id) DEFERRABLE INITIALLY DEFERRED;


--
-- TOC entry 3514 (class 2606 OID 20389)
-- Name: django_admin_log django_admin_log_user_id_c564eba6_fk_auth_user_id; Type: FK CONSTRAINT; Schema: public; Owner: postgres
--

ALTER TABLE ONLY public.django_admin_log
    ADD CONSTRAINT django_admin_log_user_id_c564eba6_fk_auth_user_id FOREIGN KEY (user_id) REFERENCES public.auth_user(id) DEFERRABLE INITIALLY DEFERRED;


--
-- TOC entry 3517 (class 2606 OID 20455)
-- Name: education_details education_details_user_id_f2ae9da5_fk_users_user_id; Type: FK CONSTRAINT; Schema: public; Owner: postgres
--

ALTER TABLE ONLY public.education_details
    ADD CONSTRAINT education_details_user_id_f2ae9da5_fk_users_user_id FOREIGN KEY (user_id) REFERENCES public.users(user_id) DEFERRABLE INITIALLY DEFERRED;


--
-- TOC entry 3532 (class 2606 OID 29177)
-- Name: friend_requests friend_requests_request_id_1e7bbea4_fk_users_user_id; Type: FK CONSTRAINT; Schema: public; Owner: postgres
--

ALTER TABLE ONLY public.friend_requests
    ADD CONSTRAINT friend_requests_request_id_1e7bbea4_fk_users_user_id FOREIGN KEY (request_id) REFERENCES public.users(user_id) DEFERRABLE INITIALLY DEFERRED;


--
-- TOC entry 3533 (class 2606 OID 29172)
-- Name: friend_requests friend_requests_user1_id_b6554eaa_fk_users_user_id; Type: FK CONSTRAINT; Schema: public; Owner: postgres
--

ALTER TABLE ONLY public.friend_requests
    ADD CONSTRAINT friend_requests_user1_id_b6554eaa_fk_users_user_id FOREIGN KEY (user1_id) REFERENCES public.users(user_id) DEFERRABLE INITIALLY DEFERRED;


--
-- TOC entry 3534 (class 2606 OID 29189)
-- Name: friends friends_friend_id_9e93323e_fk_users_user_id; Type: FK CONSTRAINT; Schema: public; Owner: postgres
--

ALTER TABLE ONLY public.friends
    ADD CONSTRAINT friends_friend_id_9e93323e_fk_users_user_id FOREIGN KEY (friend_id) REFERENCES public.users(user_id) DEFERRABLE INITIALLY DEFERRED;


--
-- TOC entry 3535 (class 2606 OID 29184)
-- Name: friends friends_person_id_7bf040f6_fk_users_user_id; Type: FK CONSTRAINT; Schema: public; Owner: postgres
--

ALTER TABLE ONLY public.friends
    ADD CONSTRAINT friends_person_id_7bf040f6_fk_users_user_id FOREIGN KEY (person_id) REFERENCES public.users(user_id) DEFERRABLE INITIALLY DEFERRED;


--
-- TOC entry 3549 (class 2606 OID 37578)
-- Name: group_chat group_chat_conversat_group_id_3b0118e9_fk_group_cha; Type: FK CONSTRAINT; Schema: public; Owner: postgres
--

ALTER TABLE ONLY public.group_chat
    ADD CONSTRAINT group_chat_conversat_group_id_3b0118e9_fk_group_cha FOREIGN KEY (group_id) REFERENCES public.groups(group_id) DEFERRABLE INITIALLY DEFERRED;


--
-- TOC entry 3550 (class 2606 OID 37563)
-- Name: group_chat group_chat_conversat_sender_id_b463139a_fk_group_cha; Type: FK CONSTRAINT; Schema: public; Owner: postgres
--

ALTER TABLE ONLY public.group_chat
    ADD CONSTRAINT group_chat_conversat_sender_id_b463139a_fk_group_cha FOREIGN KEY (sender_id) REFERENCES public.group_members(id) DEFERRABLE INITIALLY DEFERRED;


--
-- TOC entry 3539 (class 2606 OID 29256)
-- Name: group_admins group_chats_admins_admin_id_8cb48cb9_fk_works_on_id; Type: FK CONSTRAINT; Schema: public; Owner: postgres
--

ALTER TABLE ONLY public.group_admins
    ADD CONSTRAINT group_chats_admins_admin_id_8cb48cb9_fk_works_on_id FOREIGN KEY (admin_id) REFERENCES public.works_on(id) DEFERRABLE INITIALLY DEFERRED;


--
-- TOC entry 3540 (class 2606 OID 37573)
-- Name: group_admins group_chats_admins_group_id_697494b2_fk_group_chats_group_id; Type: FK CONSTRAINT; Schema: public; Owner: postgres
--

ALTER TABLE ONLY public.group_admins
    ADD CONSTRAINT group_chats_admins_group_id_697494b2_fk_group_chats_group_id FOREIGN KEY (group_id) REFERENCES public.groups(group_id) DEFERRABLE INITIALLY DEFERRED;


--
-- TOC entry 3538 (class 2606 OID 29250)
-- Name: groups group_chats_company_id_fca3dec8_fk_companies_company_id; Type: FK CONSTRAINT; Schema: public; Owner: postgres
--

ALTER TABLE ONLY public.groups
    ADD CONSTRAINT group_chats_company_id_fca3dec8_fk_companies_company_id FOREIGN KEY (company_id) REFERENCES public.companies(company_id) DEFERRABLE INITIALLY DEFERRED;


--
-- TOC entry 3541 (class 2606 OID 37568)
-- Name: group_members group_chats_members_group_id_96450827_fk_group_chats_group_id; Type: FK CONSTRAINT; Schema: public; Owner: postgres
--

ALTER TABLE ONLY public.group_members
    ADD CONSTRAINT group_chats_members_group_id_96450827_fk_group_chats_group_id FOREIGN KEY (group_id) REFERENCES public.groups(group_id) DEFERRABLE INITIALLY DEFERRED;


--
-- TOC entry 3542 (class 2606 OID 29273)
-- Name: group_members group_chats_members_member_id_74dacc34_fk_works_on_id; Type: FK CONSTRAINT; Schema: public; Owner: postgres
--

ALTER TABLE ONLY public.group_members
    ADD CONSTRAINT group_chats_members_member_id_74dacc34_fk_works_on_id FOREIGN KEY (member_id) REFERENCES public.works_on(id) DEFERRABLE INITIALLY DEFERRED;


--
-- TOC entry 3521 (class 2606 OID 20674)
-- Name: posts_private post_private_author_works_in_company; Type: FK CONSTRAINT; Schema: public; Owner: postgres
--

ALTER TABLE ONLY public.posts_private
    ADD CONSTRAINT post_private_author_works_in_company FOREIGN KEY (author_id) REFERENCES public.works_on(id) ON DELETE CASCADE NOT VALID;


--
-- TOC entry 3528 (class 2606 OID 20794)
-- Name: posts_private_comments posts_private_commen_post_id_8cf282d8_fk_posts_pri; Type: FK CONSTRAINT; Schema: public; Owner: postgres
--

ALTER TABLE ONLY public.posts_private_comments
    ADD CONSTRAINT posts_private_commen_post_id_8cf282d8_fk_posts_pri FOREIGN KEY (post_id) REFERENCES public.posts_private(post_id) DEFERRABLE INITIALLY DEFERRED;


--
-- TOC entry 3529 (class 2606 OID 20799)
-- Name: posts_private_comments posts_private_comments_commentor_id_7308b77e_fk_works_on_id; Type: FK CONSTRAINT; Schema: public; Owner: postgres
--

ALTER TABLE ONLY public.posts_private_comments
    ADD CONSTRAINT posts_private_comments_commentor_id_7308b77e_fk_works_on_id FOREIGN KEY (commentor_id) REFERENCES public.works_on(id) DEFERRABLE INITIALLY DEFERRED;


--
-- TOC entry 3523 (class 2606 OID 20716)
-- Name: posts_private_likes posts_private_likes_liker_works_same_company; Type: FK CONSTRAINT; Schema: public; Owner: postgres
--

ALTER TABLE ONLY public.posts_private_likes
    ADD CONSTRAINT posts_private_likes_liker_works_same_company FOREIGN KEY (like_id) REFERENCES public.works_on(id) ON DELETE CASCADE;


--
-- TOC entry 3524 (class 2606 OID 20721)
-- Name: posts_private_likes posts_private_likes_post_id_id_2d914bce_fk_posts_pri; Type: FK CONSTRAINT; Schema: public; Owner: postgres
--

ALTER TABLE ONLY public.posts_private_likes
    ADD CONSTRAINT posts_private_likes_post_id_id_2d914bce_fk_posts_pri FOREIGN KEY (post_id) REFERENCES public.posts_private(post_id) ON DELETE CASCADE;


--
-- TOC entry 3525 (class 2606 OID 20753)
-- Name: posts_public posts_public_author_id_926fba88_fk_users_user_id; Type: FK CONSTRAINT; Schema: public; Owner: postgres
--

ALTER TABLE ONLY public.posts_public
    ADD CONSTRAINT posts_public_author_id_926fba88_fk_users_user_id FOREIGN KEY (author_id) REFERENCES public.users(user_id) DEFERRABLE INITIALLY DEFERRED;


--
-- TOC entry 3530 (class 2606 OID 20811)
-- Name: posts_public_comments posts_public_comments_commentor_id_92e84f21_fk_users_user_id; Type: FK CONSTRAINT; Schema: public; Owner: postgres
--

ALTER TABLE ONLY public.posts_public_comments
    ADD CONSTRAINT posts_public_comments_commentor_id_92e84f21_fk_users_user_id FOREIGN KEY (commentor_id) REFERENCES public.users(user_id) DEFERRABLE INITIALLY DEFERRED;


--
-- TOC entry 3531 (class 2606 OID 20806)
-- Name: posts_public_comments posts_public_comments_post_id_9f9f372f_fk_posts_public_post_id; Type: FK CONSTRAINT; Schema: public; Owner: postgres
--

ALTER TABLE ONLY public.posts_public_comments
    ADD CONSTRAINT posts_public_comments_post_id_9f9f372f_fk_posts_public_post_id FOREIGN KEY (post_id) REFERENCES public.posts_public(post_id) DEFERRABLE INITIALLY DEFERRED;


--
-- TOC entry 3526 (class 2606 OID 20771)
-- Name: posts_public_likes posts_public_likes_like_id_ed8acb4f_fk_users_user_id; Type: FK CONSTRAINT; Schema: public; Owner: postgres
--

ALTER TABLE ONLY public.posts_public_likes
    ADD CONSTRAINT posts_public_likes_like_id_ed8acb4f_fk_users_user_id FOREIGN KEY (like_id) REFERENCES public.users(user_id) DEFERRABLE INITIALLY DEFERRED;


--
-- TOC entry 3527 (class 2606 OID 20766)
-- Name: posts_public_likes posts_public_likes_post_id_2f01f405_fk_posts_public_post_id; Type: FK CONSTRAINT; Schema: public; Owner: postgres
--

ALTER TABLE ONLY public.posts_public_likes
    ADD CONSTRAINT posts_public_likes_post_id_2f01f405_fk_posts_public_post_id FOREIGN KEY (post_id) REFERENCES public.posts_public(post_id) DEFERRABLE INITIALLY DEFERRED;


--
-- TOC entry 3536 (class 2606 OID 29210)
-- Name: private_chat private_chat_receiver_id_c1eadc9f_fk_friends_id; Type: FK CONSTRAINT; Schema: public; Owner: postgres
--

ALTER TABLE ONLY public.private_chat
    ADD CONSTRAINT private_chat_receiver_id_c1eadc9f_fk_friends_id FOREIGN KEY (receiver_id) REFERENCES public.friends(id) DEFERRABLE INITIALLY DEFERRED;


--
-- TOC entry 3537 (class 2606 OID 29215)
-- Name: private_chat private_chat_sender_id_2c6893e0_fk_friends_id; Type: FK CONSTRAINT; Schema: public; Owner: postgres
--

ALTER TABLE ONLY public.private_chat
    ADD CONSTRAINT private_chat_sender_id_2c6893e0_fk_friends_id FOREIGN KEY (sender_id) REFERENCES public.friends(id) DEFERRABLE INITIALLY DEFERRED;


--
-- TOC entry 3547 (class 2606 OID 37503)
-- Name: project_admins project_admins_admin_id_1f6607cf_fk_works_on_id; Type: FK CONSTRAINT; Schema: public; Owner: postgres
--

ALTER TABLE ONLY public.project_admins
    ADD CONSTRAINT project_admins_admin_id_1f6607cf_fk_works_on_id FOREIGN KEY (admin_id) REFERENCES public.works_on(id) DEFERRABLE INITIALLY DEFERRED;


--
-- TOC entry 3548 (class 2606 OID 37498)
-- Name: project_admins project_admins_project_id_969edefc_fk_projects_project_id; Type: FK CONSTRAINT; Schema: public; Owner: postgres
--

ALTER TABLE ONLY public.project_admins
    ADD CONSTRAINT project_admins_project_id_969edefc_fk_projects_project_id FOREIGN KEY (project_id) REFERENCES public.projects(project_id) DEFERRABLE INITIALLY DEFERRED;


--
-- TOC entry 3545 (class 2606 OID 37491)
-- Name: project_assign project_assign_assign_id_e4db568e_fk_works_on_id; Type: FK CONSTRAINT; Schema: public; Owner: postgres
--

ALTER TABLE ONLY public.project_assign
    ADD CONSTRAINT project_assign_assign_id_e4db568e_fk_works_on_id FOREIGN KEY (assign_id) REFERENCES public.works_on(id) DEFERRABLE INITIALLY DEFERRED;


--
-- TOC entry 3546 (class 2606 OID 37486)
-- Name: project_assign project_assign_division_id_f9cdece7_fk_project_d; Type: FK CONSTRAINT; Schema: public; Owner: postgres
--

ALTER TABLE ONLY public.project_assign
    ADD CONSTRAINT project_assign_division_id_f9cdece7_fk_project_d FOREIGN KEY (division_id) REFERENCES public.project_divisions(division) DEFERRABLE INITIALLY DEFERRED;


--
-- TOC entry 3544 (class 2606 OID 29310)
-- Name: project_divisions project_divisions_project_id_45f122e2_fk_projects_project_id; Type: FK CONSTRAINT; Schema: public; Owner: postgres
--

ALTER TABLE ONLY public.project_divisions
    ADD CONSTRAINT project_divisions_project_id_45f122e2_fk_projects_project_id FOREIGN KEY (project_id) REFERENCES public.projects(project_id) DEFERRABLE INITIALLY DEFERRED;


--
-- TOC entry 3543 (class 2606 OID 29304)
-- Name: projects projects_company_id_7ce6d1e3_fk_companies_company_id; Type: FK CONSTRAINT; Schema: public; Owner: postgres
--

ALTER TABLE ONLY public.projects
    ADD CONSTRAINT projects_company_id_7ce6d1e3_fk_companies_company_id FOREIGN KEY (company_id) REFERENCES public.companies(company_id) DEFERRABLE INITIALLY DEFERRED;


--
-- TOC entry 3516 (class 2606 OID 20449)
-- Name: university_details university_details_user_id_ecf81596_fk_users_user_id; Type: FK CONSTRAINT; Schema: public; Owner: postgres
--

ALTER TABLE ONLY public.university_details
    ADD CONSTRAINT university_details_user_id_ecf81596_fk_users_user_id FOREIGN KEY (user_id) REFERENCES public.users(user_id) DEFERRABLE INITIALLY DEFERRED;


--
-- TOC entry 3515 (class 2606 OID 20438)
-- Name: users users_user_id_26693996_fk_users_credentials_user_id; Type: FK CONSTRAINT; Schema: public; Owner: postgres
--

ALTER TABLE ONLY public.users
    ADD CONSTRAINT users_user_id_26693996_fk_users_credentials_user_id FOREIGN KEY (user_id) REFERENCES public.users_credentials(user_id) DEFERRABLE INITIALLY DEFERRED;


--
-- TOC entry 3522 (class 2606 OID 20731)
-- Name: works_on work_on_request; Type: FK CONSTRAINT; Schema: public; Owner: postgres
--

ALTER TABLE ONLY public.works_on
    ADD CONSTRAINT work_on_request FOREIGN KEY (employee_id) REFERENCES public.work_requests(id);


--
-- TOC entry 3519 (class 2606 OID 20599)
-- Name: work_requests work_requests_company_id_ba6f765b_fk_companies_company_id; Type: FK CONSTRAINT; Schema: public; Owner: postgres
--

ALTER TABLE ONLY public.work_requests
    ADD CONSTRAINT work_requests_company_id_ba6f765b_fk_companies_company_id FOREIGN KEY (company_id) REFERENCES public.companies(company_id) DEFERRABLE INITIALLY DEFERRED;


--
-- TOC entry 3520 (class 2606 OID 20594)
-- Name: work_requests work_requests_user_id_85ace289_fk_users_user_id; Type: FK CONSTRAINT; Schema: public; Owner: postgres
--

ALTER TABLE ONLY public.work_requests
    ADD CONSTRAINT work_requests_user_id_85ace289_fk_users_user_id FOREIGN KEY (user_id) REFERENCES public.users(user_id) DEFERRABLE INITIALLY DEFERRED;


-- Completed on 2023-12-28 19:45:42

--
-- PostgreSQL database dump complete
--

